id,session_id,date
vg9c5tbt12odvgodklfa1eonh0-1,vg9c5tbt12odvgodklfa1eonh0,2013-10-15 15:47:13
phun26hcj3hfporf86isovqg11-1,phun26hcj3hfporf86isovqg11,2013-10-15 15:59:06
p1bhqsg57v74na10kvr63pn280-1,p1bhqsg57v74na10kvr63pn280,2013-10-15 16:50:57
3gta680ipn4t4aktj5vgfkvfa2-1,3gta680ipn4t4aktj5vgfkvfa2,2013-10-15 18:09:28
86th5lrvthckfin3tftngmhru3-1,86th5lrvthckfin3tftngmhru3,2013-10-15 18:15:44
ledjj9d6jknc67pucmph819iv0-1,ledjj9d6jknc67pucmph819iv0,2013-10-15 18:46:46
s2ae9k8vo9vo5dgcapak3b7if3-1,s2ae9k8vo9vo5dgcapak3b7if3,2013-10-15 19:03:57
3rq884i1j31mgek4h9govecb20-1,3rq884i1j31mgek4h9govecb20,2013-10-15 19:21:21
nf2pj2ujamh4uola7dpm3n1od2-1,nf2pj2ujamh4uola7dpm3n1od2,2013-10-15 19:49:44
779f2pnm36t1m2ljgpnff2lk16-1,779f2pnm36t1m2ljgpnff2lk16,2013-10-15 19:53:30
b64bqdse62rkqeeg6o3n6jv5n7-1,b64bqdse62rkqeeg6o3n6jv5n7,2013-10-15 20:02:23
j5s701o9tbtt8159sjf6epr0r5-1,j5s701o9tbtt8159sjf6epr0r5,2013-10-15 20:17:53
3ns7fn10ols0v44975v0fq9fs0-1,3ns7fn10ols0v44975v0fq9fs0,2013-10-15 20:23:51
igp2burt8600c9kquck1270oh0-1,igp2burt8600c9kquck1270oh0,2013-10-15 20:50:45
452vleqfnjhvesm7kflgu846m1-1,452vleqfnjhvesm7kflgu846m1,2013-10-15 21:05:27
r1mslisc20bcc4smk9r2c7ddl2-1,r1mslisc20bcc4smk9r2c7ddl2,2013-10-15 21:24:53
00ufo85fqi23j5ib2q1oub7ri7-1,00ufo85fqi23j5ib2q1oub7ri7,2013-10-15 21:53:55
qinolpivqcv09cd3dh60vif326-1,qinolpivqcv09cd3dh60vif326,2013-10-15 21:54:04
24stdscljecjcp17fc61bgs6p4-1,24stdscljecjcp17fc61bgs6p4,2013-10-15 22:05:43
paubcbf8lr67hgo2d7jp7tqkf3-1,paubcbf8lr67hgo2d7jp7tqkf3,2013-10-15 23:01:27
c8fs7231c8tpmrb67li818c4e4-1,c8fs7231c8tpmrb67li818c4e4,2013-10-15 23:20:39
47p32jgssude954dq53v7032d5-1,47p32jgssude954dq53v7032d5,2013-10-16 00:05:32
jm4sntadok4n41ddmsfhkftmr4-1,jm4sntadok4n41ddmsfhkftmr4,2013-10-16 04:06:39
srtu2ral3d6ljva9ss68cip1k4-1,srtu2ral3d6ljva9ss68cip1k4,2013-10-16 04:53:57
n6krr8e3301ftq33cuhr3h9681-1,n6krr8e3301ftq33cuhr3h9681,2013-10-16 05:55:31
ok9cfv4b17bbg0493ocquldvs2-1,ok9cfv4b17bbg0493ocquldvs2,2013-10-16 06:10:37
f5sfl9o165b8g9ah0otqvgkjv2-1,f5sfl9o165b8g9ah0otqvgkjv2,2013-10-16 06:38:45
dpnoev1q7ks52n1khn8scil623-1,dpnoev1q7ks52n1khn8scil623,2013-10-16 07:21:20
3nar9l5bu1hqvu79f9skb6gmp2-1,3nar9l5bu1hqvu79f9skb6gmp2,2013-10-16 07:23:39
48gier2sihta9a9drftj15h3c2-1,48gier2sihta9a9drftj15h3c2,2013-10-16 07:51:53
uidf92v9ter916qm461e2c8pt7-1,uidf92v9ter916qm461e2c8pt7,2013-10-16 08:21:51
q8ip222bgfjlj6kg5hv6ed6f67-1,q8ip222bgfjlj6kg5hv6ed6f67,2013-10-16 08:22:29
3b67i38nn2e1d6ahslvmsn7er1-1,3b67i38nn2e1d6ahslvmsn7er1,2013-10-16 08:34:20
jjdheeoank505ido3psmrceok4-1,jjdheeoank505ido3psmrceok4,2013-10-16 08:43:40
d8ssl3o9lo6ejlmnrn9u9j0371-1,d8ssl3o9lo6ejlmnrn9u9j0371,2013-10-16 08:49:23
fnb8e1mg6s4n0b82fgf2qmgoe6-1,fnb8e1mg6s4n0b82fgf2qmgoe6,2013-10-16 09:01:59
t50uauna0ubjahb8a9322b47i5-1,t50uauna0ubjahb8a9322b47i5,2013-10-16 09:23:12
36e6i24ce2shbahkqsiu6j85o0-1,36e6i24ce2shbahkqsiu6j85o0,2013-10-16 09:28:26
v0mavjvl8618ptgqq2pmbks882-1,v0mavjvl8618ptgqq2pmbks882,2013-10-16 09:40:40
r38to1u4vri02h6cqqpd1s2jg2-1,r38to1u4vri02h6cqqpd1s2jg2,2013-10-16 09:47:17
g49t65d2o4f8f4aq9jgluvtr81-1,g49t65d2o4f8f4aq9jgluvtr81,2013-10-16 10:01:29
r3hk1o2q7ddamhokccfd2ug9m2-1,r3hk1o2q7ddamhokccfd2ug9m2,2013-10-16 10:13:01
oblp3tua8vgm7grodmu8v27rl6-1,oblp3tua8vgm7grodmu8v27rl6,2013-10-16 10:18:42
1krrglq98tjmjd3q06lb39i136-1,1krrglq98tjmjd3q06lb39i136,2013-10-16 10:21:14
dpejgesdgh9ej15rds6ogre300-1,dpejgesdgh9ej15rds6ogre300,2013-10-16 10:25:31
qo8s63peo2h5t1n2o6mgtmmbq6-1,qo8s63peo2h5t1n2o6mgtmmbq6,2013-10-16 10:32:55
s04on16un6f3fv4qq9o5dapvd1-1,s04on16un6f3fv4qq9o5dapvd1,2013-10-16 10:36:35
rotk660fmopjieg3cs2rvhbfh5-1,rotk660fmopjieg3cs2rvhbfh5,2013-10-16 10:36:36
2sj75cjbtn18t98stnp0v7vcj0-1,2sj75cjbtn18t98stnp0v7vcj0,2013-10-16 10:43:30
v10b9oli9f9257319qlivq13o5-1,v10b9oli9f9257319qlivq13o5,2013-10-16 10:56:50
vbp7hqgg6liulvv7hc3adhcnb0-1,vbp7hqgg6liulvv7hc3adhcnb0,2013-10-16 10:59:39
21fk3110uc3hssb9ff8r90grp1-1,21fk3110uc3hssb9ff8r90grp1,2013-10-16 11:16:03
jd7v6uac146u7k72b3jubg22l2-1,jd7v6uac146u7k72b3jubg22l2,2013-10-16 11:19:29
f0l4fujje5n70k3sni1av0olt1-1,f0l4fujje5n70k3sni1av0olt1,2013-10-16 11:37:57
a2ttao15elcs6ak0fnu2at4202-1,a2ttao15elcs6ak0fnu2at4202,2013-10-16 11:54:23
q08lc6ggmkom47ukbqr31kmgo7-1,q08lc6ggmkom47ukbqr31kmgo7,2013-10-16 12:00:43
m9g98mvmkr35eskoem5q90tmc1-1,m9g98mvmkr35eskoem5q90tmc1,2013-10-16 12:24:18
gejokq8n7fpfb12t5v3q17g145-1,gejokq8n7fpfb12t5v3q17g145,2013-10-16 12:43:54
brs07hp6mh4e2j5loeua506sf2-1,brs07hp6mh4e2j5loeua506sf2,2013-10-16 12:56:49
1rifupk19o1fn5nqjr8nvn94r2-1,1rifupk19o1fn5nqjr8nvn94r2,2013-10-16 13:08:53
gktqhm4cndftoenjglrm45psu1-1,gktqhm4cndftoenjglrm45psu1,2013-10-16 13:19:34
mlvsvt0un1685qg9gacsfjdka4-1,mlvsvt0un1685qg9gacsfjdka4,2013-10-16 13:24:49
7fo4abnghh9bro8npjfbr26en7-1,7fo4abnghh9bro8npjfbr26en7,2013-10-16 13:41:55
83qf3rfjaolfqschc4q3a68254-1,83qf3rfjaolfqschc4q3a68254,2013-10-16 13:56:58
7olqjpudivsrgg4cr0umpa14v1-1,7olqjpudivsrgg4cr0umpa14v1,2013-10-16 14:11:04
mpr6jg0ej0jl2gjdoqs5j7gb85-1,mpr6jg0ej0jl2gjdoqs5j7gb85,2013-10-16 14:18:19
llsdosvgkj5ht1ahdu26tn5pb1-1,llsdosvgkj5ht1ahdu26tn5pb1,2013-10-16 14:26:04
resr5gp41ptr3g6hrm2ktrh5f2-1,resr5gp41ptr3g6hrm2ktrh5f2,2013-10-16 14:27:21
vcipcis02ck8mmdro6m8d5lkp2-1,vcipcis02ck8mmdro6m8d5lkp2,2013-10-16 14:31:06
ck2sj3r67k27bnsn0tdippgns1-1,ck2sj3r67k27bnsn0tdippgns1,2013-10-16 14:40:02
795p9nd29ti623b1op3meqger5-1,795p9nd29ti623b1op3meqger5,2013-10-16 14:40:22
pqdl584l60i6vdb8ouu7dcbag1-1,pqdl584l60i6vdb8ouu7dcbag1,2013-10-16 15:06:31
i50p891sfbvp9o1u0j73kg3815-1,i50p891sfbvp9o1u0j73kg3815,2013-10-16 15:06:50
nipi8s2rp0i5t13dtn9u16aj83-1,nipi8s2rp0i5t13dtn9u16aj83,2013-10-16 15:48:55
m3idsar4s2vad82ms26onl3vr6-1,m3idsar4s2vad82ms26onl3vr6,2013-10-16 15:50:53
j6idd5gkclra3lq740rnfeoe12-1,j6idd5gkclra3lq740rnfeoe12,2013-10-16 16:04:50
c50t4s8rq3mbdk6l51m3dv9hs2-1,c50t4s8rq3mbdk6l51m3dv9hs2,2013-10-16 16:10:38
4mupeqtkdn0pbail68vppcsr70-1,4mupeqtkdn0pbail68vppcsr70,2013-10-16 16:38:57
ln6kcmi4fh4a1l5tmb2rlgql11-1,ln6kcmi4fh4a1l5tmb2rlgql11,2013-10-16 17:04:56
5i5fe7en1euvop2osgnkr17hi1-1,5i5fe7en1euvop2osgnkr17hi1,2013-10-16 17:11:32
o443mgpgkha0pokaa4h6lsbh54-1,o443mgpgkha0pokaa4h6lsbh54,2013-10-16 17:53:09
djljj30bik0lb1t0chv10133l7-1,djljj30bik0lb1t0chv10133l7,2013-10-16 18:08:10
mlj94pvmv1vcin26v8p1meebc4-1,mlj94pvmv1vcin26v8p1meebc4,2013-10-16 18:12:00
4ar3jr5p6efuq6sbqlc75174m6-1,4ar3jr5p6efuq6sbqlc75174m6,2013-10-16 18:13:18
ofifgnic1cpdm58pqr8403t4o4-1,ofifgnic1cpdm58pqr8403t4o4,2013-10-16 18:14:50
9mmhlntrsk99d28kv87qn60mi1-1,9mmhlntrsk99d28kv87qn60mi1,2013-10-16 18:22:09
nq92sj0kgj5nugrcgjd1rb7t85-1,nq92sj0kgj5nugrcgjd1rb7t85,2013-10-16 18:22:59
n2rfe3jfcfvgj2h60c00c0qid5-1,n2rfe3jfcfvgj2h60c00c0qid5,2013-10-16 18:23:21
7hahjm6fsh6e05kpfk2gs35es1-1,7hahjm6fsh6e05kpfk2gs35es1,2013-10-16 18:40:50
43kglhujs7u4656msjagif2ur0-1,43kglhujs7u4656msjagif2ur0,2013-10-16 18:44:40
i7du3ch3cvff2tsbtcntvfdn61-1,i7du3ch3cvff2tsbtcntvfdn61,2013-10-16 18:50:56
08b5mm5vaj80si8d81qantip11-1,08b5mm5vaj80si8d81qantip11,2013-10-16 18:55:44
ntccovatmcvnar01b53tjojs50-1,ntccovatmcvnar01b53tjojs50,2013-10-16 18:57:45
a8ek0fvvugndvfrr9p461il4m7-1,a8ek0fvvugndvfrr9p461il4m7,2013-10-16 19:04:30
7ai300gmsuc7tp785lrvgcj1u0-1,7ai300gmsuc7tp785lrvgcj1u0,2013-10-16 19:04:44
3cq1m0mr4fh8nao6t9qnucisp6-1,3cq1m0mr4fh8nao6t9qnucisp6,2013-10-16 19:09:39
lk7v737fo8jrapiaruui8sqel6-1,lk7v737fo8jrapiaruui8sqel6,2013-10-16 19:11:13
6iqhh902p7b9d5n73hbdjadvi4-1,6iqhh902p7b9d5n73hbdjadvi4,2013-10-16 19:14:14
m0d87m71ki71li0v29lpbn3kp2-1,m0d87m71ki71li0v29lpbn3kp2,2013-10-16 19:17:43
cniq1a4vqqe9v0fn4g0rtkimq6-1,cniq1a4vqqe9v0fn4g0rtkimq6,2013-10-16 19:27:40
vgv8usrui4r517m47ur8v8ecu7-1,vgv8usrui4r517m47ur8v8ecu7,2013-10-16 19:37:47
2rtlfq2bal982fohjllv3jdpr0-1,2rtlfq2bal982fohjllv3jdpr0,2013-10-16 19:40:33
i7fe8ub7t9ulbdp56mik6bouo0-1,i7fe8ub7t9ulbdp56mik6bouo0,2013-10-16 19:48:55
7bqckbokor0il720kebgadd9r7-1,7bqckbokor0il720kebgadd9r7,2013-10-16 19:53:01
9l3ejqei3hrpa2ejcbnam1k5v4-1,9l3ejqei3hrpa2ejcbnam1k5v4,2013-10-16 20:08:12
en7ecg3laqb7rs6l63sgni4ks5-1,en7ecg3laqb7rs6l63sgni4ks5,2013-10-16 20:08:59
pqeb34vnn64nk3of8v491o8ot7-1,pqeb34vnn64nk3of8v491o8ot7,2013-10-16 20:12:56
vf49ckt00qpg1t9488t5rl2sv3-1,vf49ckt00qpg1t9488t5rl2sv3,2013-10-16 20:24:29
oeu3un2mvc2rskuv7chs7sjbj6-1,oeu3un2mvc2rskuv7chs7sjbj6,2013-10-16 20:42:13
to92ogjoqrmt1acd1hht66u4h5-1,to92ogjoqrmt1acd1hht66u4h5,2013-10-16 20:45:12
v07kq88jno3uebl0jnsb6cg7f2-1,v07kq88jno3uebl0jnsb6cg7f2,2013-10-16 20:52:04
is2ab89olj0hkbr2laeskh0hv4-1,is2ab89olj0hkbr2laeskh0hv4,2013-10-16 20:54:52
pqp0nf1s8kpedr7ld223paslc5-1,pqp0nf1s8kpedr7ld223paslc5,2013-10-16 20:56:58
fks10rq8h933tq9pqukh7mabh5-1,fks10rq8h933tq9pqukh7mabh5,2013-10-16 20:58:29
tui98mtt4ufh2ve775u58ejjf4-1,tui98mtt4ufh2ve775u58ejjf4,2013-10-16 20:58:39
4p0oks5odh34fj8kkg8lke9gv2-1,4p0oks5odh34fj8kkg8lke9gv2,2013-10-16 21:15:46
4j3o2mrrr330mvlgsn6h4oumh5-1,4j3o2mrrr330mvlgsn6h4oumh5,2013-10-16 21:21:09
55fmc6n0oilv9pd205i16ng4b5-1,55fmc6n0oilv9pd205i16ng4b5,2013-10-16 21:31:09
kmvsh9eclum6u4f3dj7eqosbe6-1,kmvsh9eclum6u4f3dj7eqosbe6,2013-10-16 21:32:20
svtt840p4rmpoubpvrk8f3tou1-1,svtt840p4rmpoubpvrk8f3tou1,2013-10-16 21:41:05
aeiq88c9tvh0spapb4sapcq917-1,aeiq88c9tvh0spapb4sapcq917,2013-10-16 21:43:54
ntfvbnllifrv56i0p1n6nigr85-1,ntfvbnllifrv56i0p1n6nigr85,2013-10-16 21:44:01
5ojn55498f9s7irladrddshso1-1,5ojn55498f9s7irladrddshso1,2013-10-16 21:48:13
jt26pnfg67erpktpf4p3ks4om1-1,jt26pnfg67erpktpf4p3ks4om1,2013-10-16 21:48:23
ivq02l2frpvesk5ld42njc7kd7-1,ivq02l2frpvesk5ld42njc7kd7,2013-10-16 22:43:47
p94vijnodod5dg8nprbcg8vfn1-1,p94vijnodod5dg8nprbcg8vfn1,2013-10-16 22:50:24
3f8o6n4rudgnml5narr73fibh5-1,3f8o6n4rudgnml5narr73fibh5,2013-10-16 23:04:03
ssc388qufkvn6p2n7h5ahuc216-1,ssc388qufkvn6p2n7h5ahuc216,2013-10-16 23:12:04
s25uivbdemepa3p4jq15p17052-1,s25uivbdemepa3p4jq15p17052,2013-10-17 01:48:53
8n02va8vkb0tmsg236uqtgpbl0-1,8n02va8vkb0tmsg236uqtgpbl0,2013-10-17 02:47:21
gs6cq1ei8it6jqiev2a9oc12d6-1,gs6cq1ei8it6jqiev2a9oc12d6,2013-10-17 07:36:56
lhgoqus782qbls1e3o08ebta74-1,lhgoqus782qbls1e3o08ebta74,2013-10-17 08:38:53
psi8upntode6lgpkcic7r3t7p4-1,psi8upntode6lgpkcic7r3t7p4,2013-10-17 08:41:05
oohrvv3upq720ibd48hq621p35-1,oohrvv3upq720ibd48hq621p35,2013-10-17 08:45:07
0n0jtt865ff3vqdo5cahg1rjc2-1,0n0jtt865ff3vqdo5cahg1rjc2,2013-10-17 08:45:27
bfq6sof6dv729bq2jonr5qebc1-1,bfq6sof6dv729bq2jonr5qebc1,2013-10-17 08:53:03
m46lfop4nprrg748vm3rgab724-1,m46lfop4nprrg748vm3rgab724,2013-10-17 09:13:17
3qt46tjqipj4bb54ftj0mi5m97-1,3qt46tjqipj4bb54ftj0mi5m97,2013-10-17 09:16:49
cj3bd2tqo1h65aaoh6bmsj9g27-1,cj3bd2tqo1h65aaoh6bmsj9g27,2013-10-17 09:17:07
fp0ngp44vh7tr5cpfc9st4h5r5-1,fp0ngp44vh7tr5cpfc9st4h5r5,2013-10-17 09:17:46
2onjtsied6778e4il1df6h7me5-1,2onjtsied6778e4il1df6h7me5,2013-10-17 09:21:30
v5n52s6qqstknlg1ghfb27rfs3-1,v5n52s6qqstknlg1ghfb27rfs3,2013-10-17 09:29:07
vilm5b4vst7h6loehvrr7g1372-1,vilm5b4vst7h6loehvrr7g1372,2013-10-17 09:34:21
kqn1ppo2dssh49ikp0tmq7otc1-1,kqn1ppo2dssh49ikp0tmq7otc1,2013-10-17 09:44:24
5c61ier4v835cnu5s586olqge4-1,5c61ier4v835cnu5s586olqge4,2013-10-17 10:17:49
j7v7e09444n32cn6qkkbo7pem6-1,j7v7e09444n32cn6qkkbo7pem6,2013-10-17 10:28:41
il90eagqdinhi2ruj2pliki4r2-1,il90eagqdinhi2ruj2pliki4r2,2013-10-17 10:30:17
1e73h66nj56rtlvsma4s0mfgm6-1,1e73h66nj56rtlvsma4s0mfgm6,2013-10-17 10:48:47
ld7en4or2e310ipgn7v2cl4mq1-1,ld7en4or2e310ipgn7v2cl4mq1,2013-10-17 11:08:19
3mr98dabano5q7dcq4upfnv2h5-1,3mr98dabano5q7dcq4upfnv2h5,2013-10-17 11:24:33
u2r03huthrluu2900841su5cu6-1,u2r03huthrluu2900841su5cu6,2013-10-17 11:25:56
a973daemfkh0apkjc8rh3gtfj7-1,a973daemfkh0apkjc8rh3gtfj7,2013-10-17 11:46:54
72cipm2k364b2ak026ffof7kf2-1,72cipm2k364b2ak026ffof7kf2,2013-10-17 11:51:36
9oeuuq5npoiqsg29sek002adr6-1,9oeuuq5npoiqsg29sek002adr6,2013-10-17 11:53:43
rkp7jbcmkfhtrf5toqlhc386v6-1,rkp7jbcmkfhtrf5toqlhc386v6,2013-10-17 12:06:42
kpffpo2rbikt6mggikrd2ln3q3-1,kpffpo2rbikt6mggikrd2ln3q3,2013-10-17 12:29:11
nl7fd27davoclajnu2d3ahrg92-1,nl7fd27davoclajnu2d3ahrg92,2013-10-17 12:43:00
v5j9du6jb39b1qak9q83r53cq7-1,v5j9du6jb39b1qak9q83r53cq7,2013-10-17 12:45:43
sk97hmkdtlralorrpec6acs240-1,sk97hmkdtlralorrpec6acs240,2013-10-17 12:56:02
8gnqp28qshr9ee1gnp7dq8eig6-1,8gnqp28qshr9ee1gnp7dq8eig6,2013-10-17 13:34:43
1mlcfdgmkh6br3pd7ue8vr2ne1-1,1mlcfdgmkh6br3pd7ue8vr2ne1,2013-10-17 13:36:19
5fe940p0q8khv22fpum3vcljj4-1,5fe940p0q8khv22fpum3vcljj4,2013-10-17 13:48:35
uj1qvedjvg8sjaedrr7u2elhq2-1,uj1qvedjvg8sjaedrr7u2elhq2,2013-10-17 14:19:33
d8cu99sickrh4tmlisfeeluds1-1,d8cu99sickrh4tmlisfeeluds1,2013-10-17 14:21:07
7ur7rnstcb7s2k335b0vthf9n0-1,7ur7rnstcb7s2k335b0vthf9n0,2013-10-17 14:43:14
f8q4bbu41gttk516uhgogf7vh3-1,f8q4bbu41gttk516uhgogf7vh3,2013-10-17 15:02:06
904k4heutv0efi9v2s5h8bm635-1,904k4heutv0efi9v2s5h8bm635,2013-10-17 15:28:28
uat0ut0rvej250cpp2k8hr65l3-1,uat0ut0rvej250cpp2k8hr65l3,2013-10-17 15:42:42
4efv3i81t1i0hmlbnk415kp0r3-1,4efv3i81t1i0hmlbnk415kp0r3,2013-10-17 16:00:03
ss8vn6fvc70t9bd5guk2r2u580-1,ss8vn6fvc70t9bd5guk2r2u580,2013-10-17 16:14:46
bhvvlhbrmlhtu1p2a4pgv2loj7-1,bhvvlhbrmlhtu1p2a4pgv2loj7,2013-10-17 16:27:18
3fe9din0it38knv9oj03kseg75-1,3fe9din0it38knv9oj03kseg75,2013-10-17 16:36:38
u8g086ed0dms9hcguceva35701-1,u8g086ed0dms9hcguceva35701,2013-10-17 16:44:41
0fvb6d1umq55c0vuoajumt7o80-1,0fvb6d1umq55c0vuoajumt7o80,2013-10-17 16:45:16
ldetgprkqq157bolqj0laohe20-1,ldetgprkqq157bolqj0laohe20,2013-10-17 16:45:35
4350n1chv0qgjglj6c9n2a8l00-1,4350n1chv0qgjglj6c9n2a8l00,2013-10-17 17:05:33
ekoa56pj34md7d8o585t944tj4-1,ekoa56pj34md7d8o585t944tj4,2013-10-17 17:36:49
962ni953n3iqilo8phojgj8r37-1,962ni953n3iqilo8phojgj8r37,2013-10-17 17:46:47
buqd47r4imasrj02tilreblm36-1,buqd47r4imasrj02tilreblm36,2013-10-17 17:50:34
ftcuot93l0ltvetvmbhi9uf5m5-1,ftcuot93l0ltvetvmbhi9uf5m5,2013-10-17 18:06:22
bsm4rej81m0nnl1tc0ganmnc53-1,bsm4rej81m0nnl1tc0ganmnc53,2013-10-17 18:20:11
c79i2b9ja3amtvun9ma9didet6-1,c79i2b9ja3amtvun9ma9didet6,2013-10-17 18:21:43
a7v51a7lb24se1otj5ugpmaqe7-1,a7v51a7lb24se1otj5ugpmaqe7,2013-10-17 18:38:25
r5otksk9us745fj2iq6iv7sc95-1,r5otksk9us745fj2iq6iv7sc95,2013-10-17 18:38:28
60t6aiucbchrsvuu30ot0fb5j2-1,60t6aiucbchrsvuu30ot0fb5j2,2013-10-17 18:56:14
fnik77ga7lvhnvoh7ahra0c663-1,fnik77ga7lvhnvoh7ahra0c663,2013-10-17 19:06:29
brbak772r0415drt7lr9cl1ta5-1,brbak772r0415drt7lr9cl1ta5,2013-10-17 19:51:48
q48dfoclho992gpjohv3j043e5-1,q48dfoclho992gpjohv3j043e5,2013-10-17 19:52:57
u8t0pgktptnk08q4ekq7vrsa85-1,u8t0pgktptnk08q4ekq7vrsa85,2013-10-17 19:58:06
ee8rj3h7cl6sufiua267sga8k0-1,ee8rj3h7cl6sufiua267sga8k0,2013-10-17 19:58:19
ee8rj3h7cl6sufiua267sga8k0-2,ee8rj3h7cl6sufiua267sga8k0,2013-10-17 19:58:56
8nm1053jukeo40bjeg90dd0176-1,8nm1053jukeo40bjeg90dd0176,2013-10-17 20:01:21
82tdoh89rm0gnj07p8n1s4a5f3-1,82tdoh89rm0gnj07p8n1s4a5f3,2013-10-17 20:06:01
inl7297b3hfof7i2drecilp8d1-1,inl7297b3hfof7i2drecilp8d1,2013-10-17 20:06:13
m7f6t45mo6un304iqsfgr5c5s0-1,m7f6t45mo6un304iqsfgr5c5s0,2013-10-17 20:10:45
2lkjpg4tk3fs5c94rdf9jbvc06-1,2lkjpg4tk3fs5c94rdf9jbvc06,2013-10-17 20:13:18
3hfmljc20860jcm4lar2s08r15-1,3hfmljc20860jcm4lar2s08r15,2013-10-17 20:34:39
cgru43np3usma8to4bt01159d7-1,cgru43np3usma8to4bt01159d7,2013-10-17 20:46:48
8tdbv62bflv1btccvuuuq5jtl6-1,8tdbv62bflv1btccvuuuq5jtl6,2013-10-17 20:47:41
2c8imosv0e74elcaeiojj4mfm2-1,2c8imosv0e74elcaeiojj4mfm2,2013-10-17 20:49:12
amkqgb34banc4b2hd2d0uq98m1-1,amkqgb34banc4b2hd2d0uq98m1,2013-10-17 21:04:47
naskl4g5omtvu1j0oaom17p8p5-1,naskl4g5omtvu1j0oaom17p8p5,2013-10-17 21:09:18
gi900m1l878ibkbebjgih9l4t5-1,gi900m1l878ibkbebjgih9l4t5,2013-10-17 21:20:38
99ojdta4l0nstv6m6k2up1hjc1-1,99ojdta4l0nstv6m6k2up1hjc1,2013-10-17 21:38:25
i1lksjm3el7ttnvn5esqcibb95-1,i1lksjm3el7ttnvn5esqcibb95,2013-10-17 21:51:18
3bsjk1i32658kud2q2kgtv5tu0-1,3bsjk1i32658kud2q2kgtv5tu0,2013-10-17 21:58:01
692ae84ffkp7kkuomgig2ocn36-1,692ae84ffkp7kkuomgig2ocn36,2013-10-17 22:02:29
49oiskk9476c9nf3ikqjlbcer2-1,49oiskk9476c9nf3ikqjlbcer2,2013-10-17 22:03:07
n4m3uu0m0np8hco6h9cl7aocj2-1,n4m3uu0m0np8hco6h9cl7aocj2,2013-10-17 22:04:46
psi14ijret2695j18p1jkfg9v0-1,psi14ijret2695j18p1jkfg9v0,2013-10-17 22:06:10
1jsauq6liqclg0gkj9bnb7td82-1,1jsauq6liqclg0gkj9bnb7td82,2013-10-17 22:06:20
7tm7bqmbs7pim8qlkqspmuef74-1,7tm7bqmbs7pim8qlkqspmuef74,2013-10-17 22:16:12
3nuf5uhv3ihr7h744lupf0vrm4-1,3nuf5uhv3ihr7h744lupf0vrm4,2013-10-17 22:20:54
cridi024j1n4q156lhds83te33-1,cridi024j1n4q156lhds83te33,2013-10-17 22:26:43
kpemdg23nb6l3g3icoo0cmdn71-1,kpemdg23nb6l3g3icoo0cmdn71,2013-10-17 22:27:56
aum7tofgh7f6pqr90929h2ifc3-1,aum7tofgh7f6pqr90929h2ifc3,2013-10-17 22:35:15
944lq698k9l7l8pcrmi95lslp2-1,944lq698k9l7l8pcrmi95lslp2,2013-10-17 23:12:46
tnjkpejapth0pkqd477c1mv857-1,tnjkpejapth0pkqd477c1mv857,2013-10-17 23:19:21
8p565ftjkkd5vmdn888sd89re3-1,8p565ftjkkd5vmdn888sd89re3,2013-10-17 23:35:45
qtgkvv57kqbj8covmnbvkldj66-1,qtgkvv57kqbj8covmnbvkldj66,2013-10-17 23:54:13
52papnlsub3555k5ugaq3dsav5-1,52papnlsub3555k5ugaq3dsav5,2013-10-17 23:56:37
d08t24ue9404et61bgdrn30244-1,d08t24ue9404et61bgdrn30244,2013-10-17 23:57:21
q6mj0b08dd64h2bndu8kredcs4-1,q6mj0b08dd64h2bndu8kredcs4,2013-10-18 00:52:46
jgipt4jds09ug7dcenmv0530m1-1,jgipt4jds09ug7dcenmv0530m1,2013-10-18 06:46:11
3jc5o2vj9inc2nm6gnonu4r2o4-1,3jc5o2vj9inc2nm6gnonu4r2o4,2013-10-18 08:37:55
52ufa2ec0bcu7afnv2ldqda2b6-1,52ufa2ec0bcu7afnv2ldqda2b6,2013-10-18 09:09:16
6a6941b6ktn719k3lc4a3l6dn7-1,6a6941b6ktn719k3lc4a3l6dn7,2013-10-18 09:47:24
jfes36f54k925sav36dbteeut4-1,jfes36f54k925sav36dbteeut4,2013-10-18 09:52:00
ed90n5o78p8rvp1bar19r6kag3-1,ed90n5o78p8rvp1bar19r6kag3,2013-10-18 10:01:23
sveekbte2n7q17lo2iiiq8lc15-1,sveekbte2n7q17lo2iiiq8lc15,2013-10-18 11:43:48
cnltkat9lu3gn2l6hv2qr9jjf4-1,cnltkat9lu3gn2l6hv2qr9jjf4,2013-10-18 11:46:49
kjf1n6fl9e0rosncdloi7se8n2-1,kjf1n6fl9e0rosncdloi7se8n2,2013-10-18 11:59:19
1cnib3pd9p99abhe143jtguhq7-1,1cnib3pd9p99abhe143jtguhq7,2013-10-18 12:09:37
i7qssid1ol2vopkcuijb5q6oj2-1,i7qssid1ol2vopkcuijb5q6oj2,2013-10-18 12:29:18
1dbhsa28aitank1fdau5m0le20-1,1dbhsa28aitank1fdau5m0le20,2013-10-18 12:45:42
hievd0389nuuapv3l3glkj5oj1-1,hievd0389nuuapv3l3glkj5oj1,2013-10-18 13:51:42
nb4sh07ofn40gfpbtprpldbjb2-1,nb4sh07ofn40gfpbtprpldbjb2,2013-10-18 13:56:29
rrsmft4d22o8bme9id81iv5hd2-1,rrsmft4d22o8bme9id81iv5hd2,2013-10-18 14:12:12
er27qsls3446ph7pa3dj5a9p23-1,er27qsls3446ph7pa3dj5a9p23,2013-10-18 14:16:54
9lkufl9aafmmp4b8703lgju695-1,9lkufl9aafmmp4b8703lgju695,2013-10-18 14:21:33
ec9233p788f5pdnmb0pogbr452-1,ec9233p788f5pdnmb0pogbr452,2013-10-18 14:25:58
qubha51j17331kga4e4r71oir7-1,qubha51j17331kga4e4r71oir7,2013-10-18 14:44:10
g76sipauebvh53ukklhgfqtb52-1,g76sipauebvh53ukklhgfqtb52,2013-10-18 14:55:46
11589u5fe09b75kosj09eqlp96-1,11589u5fe09b75kosj09eqlp96,2013-10-18 15:26:47
8tpf6v96nuqlve61r43msimb72-1,8tpf6v96nuqlve61r43msimb72,2013-10-18 15:58:20
8cvv4rgm38eed7sbpoi0p9qg71-1,8cvv4rgm38eed7sbpoi0p9qg71,2013-10-18 16:12:18
q10t2lsud1ufgf7b0iv7pdlu67-1,q10t2lsud1ufgf7b0iv7pdlu67,2013-10-18 16:27:14
shd9lvd9vm396hfh4ijnbcu885-1,shd9lvd9vm396hfh4ijnbcu885,2013-10-18 16:30:23
atqaqe5kskn0smebqk2g36d8d3-1,atqaqe5kskn0smebqk2g36d8d3,2013-10-18 17:10:24
i71ks671064pg4hudkppau3ee4-1,i71ks671064pg4hudkppau3ee4,2013-10-18 17:26:34
sla9ubrvbu7642ud1e6ar7scn1-1,sla9ubrvbu7642ud1e6ar7scn1,2013-10-18 18:01:44
je4jce8hjdjk9cfkt2jk4cilf3-1,je4jce8hjdjk9cfkt2jk4cilf3,2013-10-18 18:04:46
4cv2a71ln7kj1df6otbm0f2me1-1,4cv2a71ln7kj1df6otbm0f2me1,2013-10-18 18:14:14
mfm8261ev1kasl0oha59bmjm76-1,mfm8261ev1kasl0oha59bmjm76,2013-10-18 18:19:49
uaekb8dvvel0urb3ltjfnoore0-1,uaekb8dvvel0urb3ltjfnoore0,2013-10-18 18:20:16
oborfbbjd1boptiou1155c3tl4-1,oborfbbjd1boptiou1155c3tl4,2013-10-18 18:26:17
ppmu1mvvuc7aui1vopn3ssqff6-1,ppmu1mvvuc7aui1vopn3ssqff6,2013-10-18 18:26:52
246sa00v3fgepmra0ugfvlg924-1,246sa00v3fgepmra0ugfvlg924,2013-10-18 18:37:05
knij6lm17cj68437vm4kr31r30-1,knij6lm17cj68437vm4kr31r30,2013-10-18 18:38:54
6ca6ogghldckeq81abkm7hgi26-1,6ca6ogghldckeq81abkm7hgi26,2013-10-18 18:43:16
ka0map045jhnf5dfs4acr4dkb2-1,ka0map045jhnf5dfs4acr4dkb2,2013-10-18 18:52:29
cf1dfonnc1f3rg404rve90e634-1,cf1dfonnc1f3rg404rve90e634,2013-10-18 19:02:39
k6mo0ifrv6alttrop57qhf7f95-1,k6mo0ifrv6alttrop57qhf7f95,2013-10-18 19:16:31
hti1a8sib79tijvmfmi43j45i6-1,hti1a8sib79tijvmfmi43j45i6,2013-10-18 19:26:55
ir07pt51v6s4os11b80umrgpd5-1,ir07pt51v6s4os11b80umrgpd5,2013-10-18 19:52:39
v821unpp1n0s7371hsrkjemkb6-1,v821unpp1n0s7371hsrkjemkb6,2013-10-18 20:13:02
6m6pafcletle352bkahmqs1f31-1,6m6pafcletle352bkahmqs1f31,2013-10-18 20:18:55
iuu9garbsc5nupik7a86qao182-1,iuu9garbsc5nupik7a86qao182,2013-10-18 20:32:17
9rgth6mqpu3q39i3jg0nsm1b55-1,9rgth6mqpu3q39i3jg0nsm1b55,2013-10-18 21:28:20
h3btijmarb49p9kpu4pbo4b0b3-1,h3btijmarb49p9kpu4pbo4b0b3,2013-10-18 21:28:43
93smtvpmvf2ghrovf5ud4oapf5-1,93smtvpmvf2ghrovf5ud4oapf5,2013-10-18 21:33:33
bs07tsgi15l1oml8nsku561257-1,bs07tsgi15l1oml8nsku561257,2013-10-18 21:53:07
f6sul0dk9igcq3o1l332esba10-1,f6sul0dk9igcq3o1l332esba10,2013-10-18 22:02:57
4e2lg5v64op8fhvjq3ffu39a01-1,4e2lg5v64op8fhvjq3ffu39a01,2013-10-18 22:09:53
41brmggkg40r22a8mvf4tst704-1,41brmggkg40r22a8mvf4tst704,2013-10-18 22:44:04
uaj0h8v20u9i9thti0lsp999a5-1,uaj0h8v20u9i9thti0lsp999a5,2013-10-18 22:57:01
iijntle9e68uccemcqtekd74c0-1,iijntle9e68uccemcqtekd74c0,2013-10-18 23:28:55
33gs02t7d3v0etb2hge7c8e614-1,33gs02t7d3v0etb2hge7c8e614,2013-10-18 23:38:39
4bhvcqm0bkqpbf7smi4nkp1ut4-1,4bhvcqm0bkqpbf7smi4nkp1ut4,2013-10-19 00:07:14
mo3qjfcbl9uvr6h70rogqg54c4-1,mo3qjfcbl9uvr6h70rogqg54c4,2013-10-19 02:22:50
hnvupp8j0vdh0pv1704f4vmo42-1,hnvupp8j0vdh0pv1704f4vmo42,2013-10-19 03:48:58
g0o7sg0dtprcgaeuacnfl3quv5-1,g0o7sg0dtprcgaeuacnfl3quv5,2013-10-19 08:03:13
2u40bgoal9vv13egpcua3vb4e4-1,2u40bgoal9vv13egpcua3vb4e4,2013-10-19 08:44:06
g5i1vos3pledsa80912cuumtt5-1,g5i1vos3pledsa80912cuumtt5,2013-10-19 09:36:38
opeco5l4qmb8c1rl2s40gh0sg0-1,opeco5l4qmb8c1rl2s40gh0sg0,2013-10-19 10:05:13
9gqjl5r4nqk2g3npad1rs8oti3-1,9gqjl5r4nqk2g3npad1rs8oti3,2013-10-19 10:15:16
pp2vm7hhgb9csfpk650q1npfh6-1,pp2vm7hhgb9csfpk650q1npfh6,2013-10-19 10:39:59
q5e0iv863n690cta0u1ju5u2e5-1,q5e0iv863n690cta0u1ju5u2e5,2013-10-19 10:57:36
7ic71ugic1bvjnlqjfmcg3u4m0-1,7ic71ugic1bvjnlqjfmcg3u4m0,2013-10-19 12:01:23
plhm1s82j1dt00i8aar7nrpe44-1,plhm1s82j1dt00i8aar7nrpe44,2013-10-19 12:02:01
2rebpkpnghns9lo03c6tkr3pe4-1,2rebpkpnghns9lo03c6tkr3pe4,2013-10-19 12:18:24
15j03t2tflu4p3qgo0a89vjk34-1,15j03t2tflu4p3qgo0a89vjk34,2013-10-19 12:42:02
0m7d3dh3c5ghp1gbrqemclohg4-1,0m7d3dh3c5ghp1gbrqemclohg4,2013-10-19 12:50:57
6n95ojvala9dvgi2cj3pq884s3-1,6n95ojvala9dvgi2cj3pq884s3,2013-10-19 12:52:48
4ef6nf9ip0fpslivco2459jsp0-1,4ef6nf9ip0fpslivco2459jsp0,2013-10-19 13:32:21
ovnjkvr1i4df82fk6vp4cf2cs5-1,ovnjkvr1i4df82fk6vp4cf2cs5,2013-10-19 13:53:24
ss47c0pchqv47i3rj1mjth8v62-1,ss47c0pchqv47i3rj1mjth8v62,2013-10-19 14:07:44
64erlt881dv90f26hfqvtsa7j0-1,64erlt881dv90f26hfqvtsa7j0,2013-10-19 14:08:55
cb6r0cq43anv22qpvdfgvfilf5-1,cb6r0cq43anv22qpvdfgvfilf5,2013-10-19 14:21:26
864sa67ephkat7benjbosml8o1-1,864sa67ephkat7benjbosml8o1,2013-10-19 14:27:08
p89hl0ukde3q2hb1gthlgpbgt7-1,p89hl0ukde3q2hb1gthlgpbgt7,2013-10-19 14:32:44
g6tqnklai5aomh1oievg1vq597-1,g6tqnklai5aomh1oievg1vq597,2013-10-19 14:40:02
b4n1iomu43jkb11qgf0d56ng77-1,b4n1iomu43jkb11qgf0d56ng77,2013-10-19 14:40:19
ngfmpev67c71vvpjlbgruo6r34-1,ngfmpev67c71vvpjlbgruo6r34,2013-10-19 15:13:17
569vl5evvh10hc5hhk197r20h6-1,569vl5evvh10hc5hhk197r20h6,2013-10-19 15:46:29
t36iug33ul24k0kgsfv1tnmfs1-1,t36iug33ul24k0kgsfv1tnmfs1,2013-10-19 16:02:52
sf95lu6d82eb8kgku9m8n8ini5-1,sf95lu6d82eb8kgku9m8n8ini5,2013-10-19 16:27:33
6btf9b95k7ri3fck8othp0bjt1-1,6btf9b95k7ri3fck8othp0bjt1,2013-10-19 16:32:06
6r02jbedsn3shml8dpguet1312-1,6r02jbedsn3shml8dpguet1312,2013-10-19 16:35:21
e3894uc648mhdmqois0buf1r32-1,e3894uc648mhdmqois0buf1r32,2013-10-19 16:53:38
aq1n9h032att4r4hmel6mmieq1-1,aq1n9h032att4r4hmel6mmieq1,2013-10-19 17:30:21
8a8dk5gsp304fft5cu5h51ksq4-1,8a8dk5gsp304fft5cu5h51ksq4,2013-10-19 17:37:43
eulelp3smjgipbq2q829n0cqe6-1,eulelp3smjgipbq2q829n0cqe6,2013-10-19 18:22:55
e2689vtb0u1j77vcgmhujdudg0-1,e2689vtb0u1j77vcgmhujdudg0,2013-10-19 19:08:15
oejsjgmseqglu7p6581et17157-1,oejsjgmseqglu7p6581et17157,2013-10-19 19:21:21
7oq2rveokbpo3ciitbnb653117-1,7oq2rveokbpo3ciitbnb653117,2013-10-19 19:26:13
b79a0t152nn1kndgberah8j415-1,b79a0t152nn1kndgberah8j415,2013-10-19 19:30:37
49enti4ougdo4vtdb3g0g5foh6-1,49enti4ougdo4vtdb3g0g5foh6,2013-10-19 19:36:30
hgcbkckoqmnr0t6cn9v293j8s2-1,hgcbkckoqmnr0t6cn9v293j8s2,2013-10-19 19:45:48
ikh1f23c45nopsk3bu1ockrmi0-1,ikh1f23c45nopsk3bu1ockrmi0,2013-10-19 19:50:14
oi38t73ch48tqosbbokpc66j03-1,oi38t73ch48tqosbbokpc66j03,2013-10-19 20:01:42
17a6ei3mhl93vu8mc76g5nc197-1,17a6ei3mhl93vu8mc76g5nc197,2013-10-19 20:02:32
ukg8p0eshbvb8339d8enrtois6-1,ukg8p0eshbvb8339d8enrtois6,2013-10-19 20:05:01
m4p334fh0g6uanod34892r7fm7-1,m4p334fh0g6uanod34892r7fm7,2013-10-19 20:07:51
d2danog7lesogvr64bhdoh28i1-1,d2danog7lesogvr64bhdoh28i1,2013-10-19 20:15:20
6lenmsqm4lhqgkqidcgptfbch0-1,6lenmsqm4lhqgkqidcgptfbch0,2013-10-19 20:44:30
ojht302crhcchnrulrit6o3875-1,ojht302crhcchnrulrit6o3875,2013-10-19 20:52:10
49dkuhfdrn5je606p30fjngt57-1,49dkuhfdrn5je606p30fjngt57,2013-10-19 21:03:26
1d03f0c1g4b3ni43k0s40beaj6-1,1d03f0c1g4b3ni43k0s40beaj6,2013-10-19 21:08:46
babp4iabun2li7aa79050dj5k4-1,babp4iabun2li7aa79050dj5k4,2013-10-19 21:25:53
s1q4ffafc8ebm1rqu15d9i8b72-1,s1q4ffafc8ebm1rqu15d9i8b72,2013-10-19 21:29:15
vr99bdv6kh4tckb1cp5s06mmi1-1,vr99bdv6kh4tckb1cp5s06mmi1,2013-10-19 21:31:03
sofka81lnk2e8qp8pvsbma0tg0-1,sofka81lnk2e8qp8pvsbma0tg0,2013-10-19 21:47:17
ondot7rtnfi8qrqhai4moi8cs1-1,ondot7rtnfi8qrqhai4moi8cs1,2013-10-19 21:54:37
fnv46i0illa1f7qaceb0pv5rj3-1,fnv46i0illa1f7qaceb0pv5rj3,2013-10-19 22:10:30
ngno6f89g9rehq2vhnpm8bso26-1,ngno6f89g9rehq2vhnpm8bso26,2013-10-19 23:07:35
6ei65b1gbvu56d7pssk5avnop0-1,6ei65b1gbvu56d7pssk5avnop0,2013-10-19 23:23:29
fop2bknr57papmmpsm1u6a5b17-1,fop2bknr57papmmpsm1u6a5b17,2013-10-19 23:37:53
hq7j45ne8h22vht0djq6l36n00-1,hq7j45ne8h22vht0djq6l36n00,2013-10-19 23:47:11
s0l1bvd6sphtbnieb19crl6l92-1,s0l1bvd6sphtbnieb19crl6l92,2013-10-20 00:06:22
mo1gtmr0bo6quqk8dbutic2ou0-1,mo1gtmr0bo6quqk8dbutic2ou0,2013-10-20 00:19:16
n0r81sec5fcoirvs02b2n2elp6-1,n0r81sec5fcoirvs02b2n2elp6,2013-10-20 08:52:47
cs4qotb0ets79er5da0ljdieh0-1,cs4qotb0ets79er5da0ljdieh0,2013-10-20 09:11:26
8jg0kno26a1pjhk0ibparah0f6-1,8jg0kno26a1pjhk0ibparah0f6,2013-10-20 09:15:28
pako942sh4k56lh64ha9ajq3f5-1,pako942sh4k56lh64ha9ajq3f5,2013-10-20 09:31:44
u757klad66oom7mu46c1ob92t2-1,u757klad66oom7mu46c1ob92t2,2013-10-20 10:07:22
8h800tjj3b4kmv6dc6kn6ej476-1,8h800tjj3b4kmv6dc6kn6ej476,2013-10-20 10:16:33
42se55v54t7l1f307ehkphk4j1-1,42se55v54t7l1f307ehkphk4j1,2013-10-20 10:45:18
oejh0nuhfa5l7fljphj5k6vje5-1,oejh0nuhfa5l7fljphj5k6vje5,2013-10-20 10:52:06
4sktis6nrvjrtgug318ep16gt1-1,4sktis6nrvjrtgug318ep16gt1,2013-10-20 11:02:18
fuui5im68qh49gah0ovkj8niq0-1,fuui5im68qh49gah0ovkj8niq0,2013-10-20 11:16:43
f2u589ftuj0mv2bie89mi8ohm6-1,f2u589ftuj0mv2bie89mi8ohm6,2013-10-20 11:28:50
khgr017se4lgb2jnr5ivaf83k2-1,khgr017se4lgb2jnr5ivaf83k2,2013-10-20 11:29:22
0m37vhnb1g3qbe8o3t6svvp5l5-1,0m37vhnb1g3qbe8o3t6svvp5l5,2013-10-20 12:03:59
9n18pd32if35ai8k9eodi50uu5-1,9n18pd32if35ai8k9eodi50uu5,2013-10-20 12:06:08
7b5o2rvi1ff9br8nuoaebk91m0-1,7b5o2rvi1ff9br8nuoaebk91m0,2013-10-20 12:42:30
94ft0pse5k3ueh44ef1rualp44-1,94ft0pse5k3ueh44ef1rualp44,2013-10-20 12:42:48
pl5trtcsi16kc41i890den3mq4-1,pl5trtcsi16kc41i890den3mq4,2013-10-20 12:53:01
gal31stq78ku5t57ml237o6gh5-1,gal31stq78ku5t57ml237o6gh5,2013-10-20 13:00:47
8uraana46k3oe92lmc166dfvf6-1,8uraana46k3oe92lmc166dfvf6,2013-10-20 13:11:06
70khpde14fqrphahgsr1pe5of0-1,70khpde14fqrphahgsr1pe5of0,2013-10-20 13:23:17
l3ts45kn9dukcn2hr9l3gom453-1,l3ts45kn9dukcn2hr9l3gom453,2013-10-20 13:23:21
blqf95evi2oes7gnpddjgpvl86-1,blqf95evi2oes7gnpddjgpvl86,2013-10-20 13:37:13
osnbtkbuniasbk6e5n0nte5t22-1,osnbtkbuniasbk6e5n0nte5t22,2013-10-20 13:50:12
anhmg4dahhnqik21uqq9jiqmv3-1,anhmg4dahhnqik21uqq9jiqmv3,2013-10-20 14:09:01
bsemh6cje6hrd14qnj5qa4sjo5-1,bsemh6cje6hrd14qnj5qa4sjo5,2013-10-20 14:12:31
5jchr41s0ir676uo1gei93jp80-1,5jchr41s0ir676uo1gei93jp80,2013-10-20 14:27:55
skgiojit6d85871gpe1jihl130-1,skgiojit6d85871gpe1jihl130,2013-10-20 14:28:09
m2ce4n2vb7l403g790ue4aosp0-1,m2ce4n2vb7l403g790ue4aosp0,2013-10-20 14:33:07
601qn543tpregbo04h5qbnoqi1-1,601qn543tpregbo04h5qbnoqi1,2013-10-20 14:51:55
uei178jomm02igdmkgjpvsb436-1,uei178jomm02igdmkgjpvsb436,2013-10-20 14:56:23
d1gpulab43kh6vf5bf1g6fg723-1,d1gpulab43kh6vf5bf1g6fg723,2013-10-20 15:04:51
4ptmjl8v0p8vptg9gj8enaoas6-1,4ptmjl8v0p8vptg9gj8enaoas6,2013-10-20 15:12:51
5uq0a33u31vq5vl5j2mtf044a1-1,5uq0a33u31vq5vl5j2mtf044a1,2013-10-20 15:15:19
v2jumis2ucb9a27n2fkllrdqb2-1,v2jumis2ucb9a27n2fkllrdqb2,2013-10-20 15:15:46
j5erhu9foe1k0jf45fjp1ke3l7-1,j5erhu9foe1k0jf45fjp1ke3l7,2013-10-20 15:16:08
o64er9qb19vhn4e4f90t9de2e1-1,o64er9qb19vhn4e4f90t9de2e1,2013-10-20 16:24:32
b17j3hsthmf1rmu5eustrq1nv4-1,b17j3hsthmf1rmu5eustrq1nv4,2013-10-20 16:47:14
ra2qf0v95l1i7fe04ap94bjvm1-1,ra2qf0v95l1i7fe04ap94bjvm1,2013-10-20 16:47:31
j909r0mi7c0jm525356sld3201-1,j909r0mi7c0jm525356sld3201,2013-10-20 17:04:59
jsc8dnq5e0nmmokltc6js689j3-1,jsc8dnq5e0nmmokltc6js689j3,2013-10-20 17:12:07
2gv0mnjndpdo16uk58mh3rlu22-1,2gv0mnjndpdo16uk58mh3rlu22,2013-10-20 17:14:45
s61dqc2l2rpj4sd7gscj13bt07-1,s61dqc2l2rpj4sd7gscj13bt07,2013-10-20 17:55:18
v4gjghdsu3k38kfqq4gcsef157-1,v4gjghdsu3k38kfqq4gcsef157,2013-10-20 18:00:18
sk82cchhfi04knntsmg222nra1-1,sk82cchhfi04knntsmg222nra1,2013-10-20 18:01:27
po0arhvmf6ja1s4omrggc379p7-1,po0arhvmf6ja1s4omrggc379p7,2013-10-20 18:01:41
n05voaott0k6mqeib0tvq4k1l6-1,n05voaott0k6mqeib0tvq4k1l6,2013-10-20 18:46:32
7op69qvecot1rlcja4roivcsv4-1,7op69qvecot1rlcja4roivcsv4,2013-10-20 19:04:39
utj3mg0ou03sqk1qittgerm9l5-1,utj3mg0ou03sqk1qittgerm9l5,2013-10-20 19:10:44
q6cilrj2oj0jj66t4k493dkne4-1,q6cilrj2oj0jj66t4k493dkne4,2013-10-20 19:26:45
9cb61idd717qk8lil4rv2ssl91-1,9cb61idd717qk8lil4rv2ssl91,2013-10-20 19:28:38
kbqbolkpv5l5fjeii80ujlp5l6-1,kbqbolkpv5l5fjeii80ujlp5l6,2013-10-20 19:48:43
vg5cg5j4mj96s0k9b1tommbei4-1,vg5cg5j4mj96s0k9b1tommbei4,2013-10-20 19:54:31
3b5iinlpi4ml32pplqmcfra9q5-1,3b5iinlpi4ml32pplqmcfra9q5,2013-10-20 19:57:18
nc8u78oiifebn69vrv49vr9ft5-1,nc8u78oiifebn69vrv49vr9ft5,2013-10-20 19:58:58
6c0ccep186fvo308r071qter30-1,6c0ccep186fvo308r071qter30,2013-10-20 20:04:39
2mhholoor7uqn8rihff3t23vn3-1,2mhholoor7uqn8rihff3t23vn3,2013-10-20 20:10:15
4rfj4k6d7ainfh36vs19mequr1-1,4rfj4k6d7ainfh36vs19mequr1,2013-10-20 20:24:52
gmb6ffm9l7lsns497r3i70c7o4-1,gmb6ffm9l7lsns497r3i70c7o4,2013-10-20 20:32:54
tr4jtc92fldg0ttjl2peqk71v6-1,tr4jtc92fldg0ttjl2peqk71v6,2013-10-20 20:39:51
sok0qm24kq4mkl5cj2m24p30p6-1,sok0qm24kq4mkl5cj2m24p30p6,2013-10-20 20:46:07
s0nl48qnr6ati2lufpe2a19ei3-1,s0nl48qnr6ati2lufpe2a19ei3,2013-10-20 20:59:54
luf3johfog6g00pabmdejmolr6-1,luf3johfog6g00pabmdejmolr6,2013-10-20 21:02:12
2rsutsnkln8f42r0fbcaus0tf2-1,2rsutsnkln8f42r0fbcaus0tf2,2013-10-20 21:23:32
9f92eu37jg6jb0ishmnj9uar14-1,9f92eu37jg6jb0ishmnj9uar14,2013-10-20 21:39:05
fqt20g9qovmcgg9d60ngno1a74-1,fqt20g9qovmcgg9d60ngno1a74,2013-10-20 22:12:16
o9itv6ilv1o2vb7vcauer10v96-1,o9itv6ilv1o2vb7vcauer10v96,2013-10-20 22:12:24
1dbticb0416cqt1huedelgqa86-1,1dbticb0416cqt1huedelgqa86,2013-10-20 22:24:37
s956knhhjg90kmgskkcovc45f7-1,s956knhhjg90kmgskkcovc45f7,2013-10-20 23:08:56
d0heg3kel1gdrvav74qsnp1ni1-1,d0heg3kel1gdrvav74qsnp1ni1,2013-10-20 23:15:47
a4pe4hnfh8hke8td7mhp2de8i6-1,a4pe4hnfh8hke8td7mhp2de8i6,2013-10-20 23:17:52
1leois3tvt3l7q9e0flkrntm01-1,1leois3tvt3l7q9e0flkrntm01,2013-10-20 23:18:11
n0sd7gr9aqcl9dgutt2pad2kb5-1,n0sd7gr9aqcl9dgutt2pad2kb5,2013-10-21 02:10:42
5qh68nuj939bk21dvk3pg8h467-1,5qh68nuj939bk21dvk3pg8h467,2013-10-21 02:22:02
k3001vbg0dcm1eg9nnkmtdujt0-1,k3001vbg0dcm1eg9nnkmtdujt0,2013-10-21 05:24:58
j5agt06rboqtfbnnt2of52k1h3-1,j5agt06rboqtfbnnt2of52k1h3,2013-10-21 07:27:05
2e4tmstvaab8fi81p894kl1326-1,2e4tmstvaab8fi81p894kl1326,2013-10-21 08:23:57
elqpf3h606a288fub5kjcparl2-1,elqpf3h606a288fub5kjcparl2,2013-10-21 08:33:19
mf45pbknfqgku05ful9lqn98i1-1,mf45pbknfqgku05ful9lqn98i1,2013-10-21 08:51:08
38hlr1gk81rg0t4t07gh5mfeg4-1,38hlr1gk81rg0t4t07gh5mfeg4,2013-10-21 08:52:45
otafc226sbqrg1fknpdlevkrj0-1,otafc226sbqrg1fknpdlevkrj0,2013-10-21 09:27:33
64sibo1ahak9haoo6vdpklhqv5-1,64sibo1ahak9haoo6vdpklhqv5,2013-10-21 09:38:59
upgo8rhrv96nfallhf0ni391u1-1,upgo8rhrv96nfallhf0ni391u1,2013-10-21 09:44:01
fhpmpa1kjp9hq3md9tu3rndup6-1,fhpmpa1kjp9hq3md9tu3rndup6,2013-10-21 09:56:14
artagemvi4k1m3mm1mg690i0o7-1,artagemvi4k1m3mm1mg690i0o7,2013-10-21 10:00:05
4f3rstbf2rud7vppi5579g8n01-1,4f3rstbf2rud7vppi5579g8n01,2013-10-21 10:03:59
k8hd08r2i3u5vc2plo0ekqgfj5-1,k8hd08r2i3u5vc2plo0ekqgfj5,2013-10-21 10:26:24
i0qdml6e9kqqln6i48j3trac91-1,i0qdml6e9kqqln6i48j3trac91,2013-10-21 10:28:56
pk0sp9lqbrakm0o4fguuc93161-1,pk0sp9lqbrakm0o4fguuc93161,2013-10-21 10:33:12
inlsdvpfprt2skv679044djso1-1,inlsdvpfprt2skv679044djso1,2013-10-21 10:47:42
gabfruiqt4j0gck84mgdvsdrs4-1,gabfruiqt4j0gck84mgdvsdrs4,2013-10-21 11:03:13
adv61v2hr1ib18am1s6hjmedu3-1,adv61v2hr1ib18am1s6hjmedu3,2013-10-21 11:05:46
bakef5t6i7gqb2l97vns7cdgc0-1,bakef5t6i7gqb2l97vns7cdgc0,2013-10-21 11:13:15
9bfgpqf7aabd7g4cdr6fjvfaj7-1,9bfgpqf7aabd7g4cdr6fjvfaj7,2013-10-21 11:18:11
e298a53amdnf2i6tvpnmpnaqm6-1,e298a53amdnf2i6tvpnmpnaqm6,2013-10-21 11:27:21
q3n227ac01k3ccr84bo428qmh7-1,q3n227ac01k3ccr84bo428qmh7,2013-10-21 11:28:20
78ehbhc8q88o99nqf1q93624c6-1,78ehbhc8q88o99nqf1q93624c6,2013-10-21 11:35:44
ffod3054k214e80b3lloinj9e1-1,ffod3054k214e80b3lloinj9e1,2013-10-21 11:50:29
6k03m3a8a8qt08qr1fqnhm6sm5-1,6k03m3a8a8qt08qr1fqnhm6sm5,2013-10-21 11:55:20
7v8ob3e17hr0253qp98siro3n4-1,7v8ob3e17hr0253qp98siro3n4,2013-10-21 12:20:54
nn8bu33ejj9v3pm19fd2bjkim4-1,nn8bu33ejj9v3pm19fd2bjkim4,2013-10-21 12:21:07
pm4jeoni3r14kngfr1rcanhsj7-1,pm4jeoni3r14kngfr1rcanhsj7,2013-10-21 12:24:05
ujkim5cg6g4tkqdv9tgp5v4nc6-1,ujkim5cg6g4tkqdv9tgp5v4nc6,2013-10-21 13:52:17
v44dq1ccoee84khbdj1erh3493-1,v44dq1ccoee84khbdj1erh3493,2013-10-21 13:56:20
sg2clfb62esmmv4h5e5iatiom5-1,sg2clfb62esmmv4h5e5iatiom5,2013-10-21 14:06:09
5dskt4jg0migmakgqjlg007gm4-1,5dskt4jg0migmakgqjlg007gm4,2013-10-21 14:32:36
o4hvuird6u98pkpamm62g6eje0-1,o4hvuird6u98pkpamm62g6eje0,2013-10-21 14:44:56
as8e4tgj9pfb4nqir1pl8ul0u0-1,as8e4tgj9pfb4nqir1pl8ul0u0,2013-10-21 15:02:23
te5bkmfd8govdb7r6pgfh45ak4-1,te5bkmfd8govdb7r6pgfh45ak4,2013-10-21 15:10:52
50m9ik217tn8enluqgjd0e2301-1,50m9ik217tn8enluqgjd0e2301,2013-10-21 15:16:36
ubht1i0o59e6guich3uatd5oa4-1,ubht1i0o59e6guich3uatd5oa4,2013-10-21 15:24:17
jm07tsvecvj6adh8dcv0ijp261-1,jm07tsvecvj6adh8dcv0ijp261,2013-10-21 15:37:30
oc5vqj00sodn9qhcbko6u1m6e4-1,oc5vqj00sodn9qhcbko6u1m6e4,2013-10-21 15:57:57
2p8p98ca3bndu9bhfup4s01io6-1,2p8p98ca3bndu9bhfup4s01io6,2013-10-21 16:05:46
7a6qcfdobr8q3lo76keml5pg01-1,7a6qcfdobr8q3lo76keml5pg01,2013-10-21 16:14:39
2851ohk4atkgpqpdhg82ft9er2-1,2851ohk4atkgpqpdhg82ft9er2,2013-10-21 16:38:15
3g9qllj1klofg7l66al5tcedm4-1,3g9qllj1klofg7l66al5tcedm4,2013-10-21 16:47:08
s5i2g2oc445en65gudi9dh1ut6-1,s5i2g2oc445en65gudi9dh1ut6,2013-10-21 16:54:53
667937mmf3sjsg999tnqspl0g1-1,667937mmf3sjsg999tnqspl0g1,2013-10-21 16:56:58
ab1o4g4uh53i0t3pebq08qhbe1-1,ab1o4g4uh53i0t3pebq08qhbe1,2013-10-21 17:15:26
rgs11vshkqr0mmo7odpn5p22c1-1,rgs11vshkqr0mmo7odpn5p22c1,2013-10-21 17:17:43
om96tamn35ina0n7e59p962c04-1,om96tamn35ina0n7e59p962c04,2013-10-21 17:24:07
1arnhl846fb73mucl7goiif5p6-1,1arnhl846fb73mucl7goiif5p6,2013-10-21 17:29:49
j8af509ksoobiqmcj1g9b6r936-1,j8af509ksoobiqmcj1g9b6r936,2013-10-21 17:36:46
cvdoj5df986i704ku037gl7jk1-1,cvdoj5df986i704ku037gl7jk1,2013-10-21 17:41:40
r2s0kakk2feq6gsjndmo29r971-1,r2s0kakk2feq6gsjndmo29r971,2013-10-21 17:45:12
2hjpm4s51bveg2f7e69j86vij4-1,2hjpm4s51bveg2f7e69j86vij4,2013-10-21 17:56:37
nm19ttemth2ba5883v1mld0s44-1,nm19ttemth2ba5883v1mld0s44,2013-10-21 17:58:31
vnv9p1oe56dm0io1f66p5cdon6-1,vnv9p1oe56dm0io1f66p5cdon6,2013-10-21 18:06:02
sbtjjfi8mgmjnlk9tes6p26151-1,sbtjjfi8mgmjnlk9tes6p26151,2013-10-21 19:40:57
ekqpj2s0fia3rjv88dvr904cg0-1,ekqpj2s0fia3rjv88dvr904cg0,2013-10-21 19:40:58
bo86plu4or1s44f44d21cvct11-1,bo86plu4or1s44f44d21cvct11,2013-10-21 19:45:17
h5ei7fas33f3hgp7rf6svar6q6-1,h5ei7fas33f3hgp7rf6svar6q6,2013-10-21 19:59:11
u483oj8je6d323knjmvgus5986-1,u483oj8je6d323knjmvgus5986,2013-10-21 20:00:36
b3tel5etik93f807b0f9qcmjm5-1,b3tel5etik93f807b0f9qcmjm5,2013-10-21 20:00:48
hgle7hh5juudmqh6l836u968i2-1,hgle7hh5juudmqh6l836u968i2,2013-10-21 20:07:06
o7jpch5uant49h61g0vr0t46i1-1,o7jpch5uant49h61g0vr0t46i1,2013-10-21 20:38:21
23jhu81l7lbqk6khjuuou4pet5-1,23jhu81l7lbqk6khjuuou4pet5,2013-10-21 20:44:57
bja3tnlrq04r2cto4uccat2087-1,bja3tnlrq04r2cto4uccat2087,2013-10-21 21:09:04
9vennk1louvj9t0um0lp1urtv7-1,9vennk1louvj9t0um0lp1urtv7,2013-10-21 21:14:43
aktij9vkh7eq79f18emffhcqf1-1,aktij9vkh7eq79f18emffhcqf1,2013-10-21 21:19:56
gor5925megj0h45vk8419ihh60-1,gor5925megj0h45vk8419ihh60,2013-10-21 21:22:27
b2v92dph010ehhjqkcbm7kc1q6-1,b2v92dph010ehhjqkcbm7kc1q6,2013-10-21 21:38:26
jgo2r69f8orcol47n8jk0dhc62-1,jgo2r69f8orcol47n8jk0dhc62,2013-10-21 21:47:22
cs43k35ctrd19cl9kj3ce9agj2-1,cs43k35ctrd19cl9kj3ce9agj2,2013-10-21 21:53:41
6hb80nq91ddoiq8697qfn5u3p6-1,6hb80nq91ddoiq8697qfn5u3p6,2013-10-21 21:57:16
ukcu36ddr2lloutqbl4inbav56-1,ukcu36ddr2lloutqbl4inbav56,2013-10-21 23:03:53
7ssb7aefqhjuopf4oikoethfm7-1,7ssb7aefqhjuopf4oikoethfm7,2013-10-21 23:04:03
q1vmm9nran8b48sj5hfq3agnh7-1,q1vmm9nran8b48sj5hfq3agnh7,2013-10-21 23:11:56
tdqkkagrbctc35dpeku7bkadh7-1,tdqkkagrbctc35dpeku7bkadh7,2013-10-21 23:23:49
5kdng73594kaouiue93nqc9si0-1,5kdng73594kaouiue93nqc9si0,2013-10-22 01:57:40
18ng7uf70ec98bfhbuprfblij5-1,18ng7uf70ec98bfhbuprfblij5,2013-10-22 05:40:58
mf4utu58aaqfn3toafqi9hjep1-1,mf4utu58aaqfn3toafqi9hjep1,2013-10-22 06:35:23
otmeavejt7tpfuebu5hkqhaqv0-1,otmeavejt7tpfuebu5hkqhaqv0,2013-10-22 07:03:14
94gfb0rie4p0vun7700oqmeqf1-1,94gfb0rie4p0vun7700oqmeqf1,2013-10-22 07:37:36
m6vjhje28cc8artqgikra4dc61-1,m6vjhje28cc8artqgikra4dc61,2013-10-22 08:08:47
hhl37f95r28sgg85abqokdhd14-1,hhl37f95r28sgg85abqokdhd14,2013-10-22 08:21:32
fob37dt2arcbk8sgg42s5qqhs0-1,fob37dt2arcbk8sgg42s5qqhs0,2013-10-22 08:26:02
ovrlepn38srq2o29umioq9lmp5-1,ovrlepn38srq2o29umioq9lmp5,2013-10-22 08:30:44
38un97krp0bom8beravgoreuj4-1,38un97krp0bom8beravgoreuj4,2013-10-22 08:51:42
72i739uginiiduokdi6rjipfm7-1,72i739uginiiduokdi6rjipfm7,2013-10-22 09:15:41
l68p52dad9j5a2ua8o5fh55ig3-1,l68p52dad9j5a2ua8o5fh55ig3,2013-10-22 09:31:19
kvtgodegipjsrqoe0a73hjpuo4-1,kvtgodegipjsrqoe0a73hjpuo4,2013-10-22 09:45:47
orkpm0d5tlofpask9dok5p7s02-1,orkpm0d5tlofpask9dok5p7s02,2013-10-22 09:48:42
9ptnneieaf42k22vcj7pjh7h10-1,9ptnneieaf42k22vcj7pjh7h10,2013-10-22 09:58:11
v9m5oqa4gjqc0b4cthv7jlj263-1,v9m5oqa4gjqc0b4cthv7jlj263,2013-10-22 10:46:42
m2k515kqg4eg3t1je6f5lmla25-1,m2k515kqg4eg3t1je6f5lmla25,2013-10-22 11:20:04
vsijkjc2t33bmdjeubmmveor36-1,vsijkjc2t33bmdjeubmmveor36,2013-10-22 11:32:37
f9hivc1e4abmk0opcfhs9tlas6-1,f9hivc1e4abmk0opcfhs9tlas6,2013-10-22 11:37:19
r71mj0fafctdk6udsj6lm9l3r1-1,r71mj0fafctdk6udsj6lm9l3r1,2013-10-22 11:55:00
i54b66qr7m6c9sq6d98aclj584-1,i54b66qr7m6c9sq6d98aclj584,2013-10-22 12:05:38
kb6hf9g6skmpiurn2hoinmo365-1,kb6hf9g6skmpiurn2hoinmo365,2013-10-22 12:09:46
bdj9jvtnlnht25kaf99epsr8a4-1,bdj9jvtnlnht25kaf99epsr8a4,2013-10-22 12:12:25
pq3ibo7ufrkq6h0cjlm824sa51-1,pq3ibo7ufrkq6h0cjlm824sa51,2013-10-22 12:15:07
1pschv2fmb2tl4j4hq6aofugk2-1,1pschv2fmb2tl4j4hq6aofugk2,2013-10-22 12:30:42
d73ii0u4bsv375emfe8c1nqbj4-1,d73ii0u4bsv375emfe8c1nqbj4,2013-10-22 12:31:58
1sk97f7i9m9p02ek4kr69g8523-1,1sk97f7i9m9p02ek4kr69g8523,2013-10-22 12:40:13
5d7j5ntv785t4pgj5ejdasv860-1,5d7j5ntv785t4pgj5ejdasv860,2013-10-22 12:42:20
jk90t7fcfktted837v1d1k1t70-1,jk90t7fcfktted837v1d1k1t70,2013-10-22 12:48:46
29pq7rba95jpnh6ivun74e1gi5-1,29pq7rba95jpnh6ivun74e1gi5,2013-10-22 13:12:01
ih87jukr3p0ffsmgepc9r9l654-1,ih87jukr3p0ffsmgepc9r9l654,2013-10-22 13:21:37
0j2a9lhpccbmfc481v9bgkeig4-1,0j2a9lhpccbmfc481v9bgkeig4,2013-10-22 13:28:07
trth6vpp1ltcr51gfrbcjlu9a1-1,trth6vpp1ltcr51gfrbcjlu9a1,2013-10-22 13:40:47
nfdomcvag6qohsr7ijivgo1jh7-1,nfdomcvag6qohsr7ijivgo1jh7,2013-10-22 13:43:52
b51ve4hc2cb0tfjavtonuqh911-1,b51ve4hc2cb0tfjavtonuqh911,2013-10-22 13:51:17
nv6jgcebk45fs6ufqpqg10fol3-1,nv6jgcebk45fs6ufqpqg10fol3,2013-10-22 14:01:05
54tspbhu2aet58ftl157ufn914-1,54tspbhu2aet58ftl157ufn914,2013-10-22 14:13:21
5685dumn8fcjq2m0k2t1n36d11-1,5685dumn8fcjq2m0k2t1n36d11,2013-10-22 14:15:56
a8k8ddlolbhh14s9bhkjor7db3-1,a8k8ddlolbhh14s9bhkjor7db3,2013-10-22 14:59:30
tl277j87m99kcd19hak9osk5h2-1,tl277j87m99kcd19hak9osk5h2,2013-10-22 15:04:45
h2d8djvr4mthgq0dp2q2328va5-1,h2d8djvr4mthgq0dp2q2328va5,2013-10-22 15:32:08
grkc39p47nq37snanflf1e4u07-1,grkc39p47nq37snanflf1e4u07,2013-10-22 15:50:28
d9n2toqu9a1946mv7lbeihgta0-1,d9n2toqu9a1946mv7lbeihgta0,2013-10-22 15:52:50
mhgtqlfb9ocl5k8i6svp942ae2-1,mhgtqlfb9ocl5k8i6svp942ae2,2013-10-22 16:20:18
8692kmucp8l71jpp7kl1ue5oj1-1,8692kmucp8l71jpp7kl1ue5oj1,2013-10-22 16:37:14
s5h9vi3nbjqbtucgpo4cst8aj5-1,s5h9vi3nbjqbtucgpo4cst8aj5,2013-10-22 16:42:35
c92e6r893gfantj8338aetubd3-1,c92e6r893gfantj8338aetubd3,2013-10-22 16:47:06
1gqelm5cnr875rq5n0jpiko706-1,1gqelm5cnr875rq5n0jpiko706,2013-10-22 17:06:08
a7jlmhqq8e3ilcbdjlbh1g1ov0-1,a7jlmhqq8e3ilcbdjlbh1g1ov0,2013-10-22 17:23:19
asdpti2ot111f405o6sg0r0o80-1,asdpti2ot111f405o6sg0r0o80,2013-10-22 17:23:42
beal020fdamsblqdpdkdoe2s22-1,beal020fdamsblqdpdkdoe2s22,2013-10-22 17:36:46
pm72vnrjm92k83svli81ci5t77-1,pm72vnrjm92k83svli81ci5t77,2013-10-22 18:00:52
bmvp0jj8cg33v6e8f7c18tj996-1,bmvp0jj8cg33v6e8f7c18tj996,2013-10-22 18:07:23
t4l802rt30igfhk2u7116366f3-1,t4l802rt30igfhk2u7116366f3,2013-10-22 18:20:01
34bvjj8k86r456dk6sml78v393-1,34bvjj8k86r456dk6sml78v393,2013-10-22 18:42:05
g69ctenq7m9q729lpfrpq07nm4-1,g69ctenq7m9q729lpfrpq07nm4,2013-10-22 18:43:58
pqk8esf3fgcmoktltla48ft7f0-1,pqk8esf3fgcmoktltla48ft7f0,2013-10-22 18:44:10
e0ek3actd6h3brd3pvgo02pda4-1,e0ek3actd6h3brd3pvgo02pda4,2013-10-22 18:54:24
c274t1cu77vgjg5h4ssm0dc932-1,c274t1cu77vgjg5h4ssm0dc932,2013-10-22 18:56:31
qhts6n0250hp82idakpaur4pg3-1,qhts6n0250hp82idakpaur4pg3,2013-10-22 19:28:57
rc60dfdcl1pho4vel3s16fsm86-1,rc60dfdcl1pho4vel3s16fsm86,2013-10-22 19:34:01
cmqk537bkd8e2go5664n8u2ed6-1,cmqk537bkd8e2go5664n8u2ed6,2013-10-22 19:50:49
p4log6ejccc6ro088qrnov5gl3-1,p4log6ejccc6ro088qrnov5gl3,2013-10-22 19:58:23
1me5sci65frktfr1m3c44cqab6-1,1me5sci65frktfr1m3c44cqab6,2013-10-22 19:59:17
npp5svcejdtps3b8b03ovs5p62-1,npp5svcejdtps3b8b03ovs5p62,2013-10-22 20:20:01
kpk97l1h4m00g9br7k62qtokb1-1,kpk97l1h4m00g9br7k62qtokb1,2013-10-22 20:28:56
csvh0egc70pcgt1j99jj3m9lk0-1,csvh0egc70pcgt1j99jj3m9lk0,2013-10-22 20:38:11
onm0u8ppq35mcvungj57tu0pf0-1,onm0u8ppq35mcvungj57tu0pf0,2013-10-22 20:39:17
g99cf3cmg50dhp57utk7dc7fm0-1,g99cf3cmg50dhp57utk7dc7fm0,2013-10-22 20:58:25
9edbvcvqlmapb8bthtu458rq45-1,9edbvcvqlmapb8bthtu458rq45,2013-10-22 21:14:53
j08lnadbb70kmb0cfo1d5r4nr4-1,j08lnadbb70kmb0cfo1d5r4nr4,2013-10-22 21:22:03
oungqmda2edci1gj1t0n5m2ph5-1,oungqmda2edci1gj1t0n5m2ph5,2013-10-22 21:30:16
pujuar8i0l5gcm6eqauqckerv5-1,pujuar8i0l5gcm6eqauqckerv5,2013-10-22 21:35:03
qppqb1ghpl7h3ts4969sq2nkh6-1,qppqb1ghpl7h3ts4969sq2nkh6,2013-10-22 21:41:37
m3r6kl4c5n8o4tp53lemske3o5-1,m3r6kl4c5n8o4tp53lemske3o5,2013-10-22 21:42:09
2vipcecme9o7fi2orhubu8rnk1-1,2vipcecme9o7fi2orhubu8rnk1,2013-10-22 21:42:15
ttb3ikksj3gnart5rm8us30736-1,ttb3ikksj3gnart5rm8us30736,2013-10-22 22:08:48
5rqlkp2t40lpug8l4g7mm1dqk3-1,5rqlkp2t40lpug8l4g7mm1dqk3,2013-10-22 22:20:52
8pt3tpovia5mpcrjprkvfvuve4-1,8pt3tpovia5mpcrjprkvfvuve4,2013-10-22 22:22:18
96l336sim35196qnl3pg1iv114-1,96l336sim35196qnl3pg1iv114,2013-10-22 22:29:09
1p33nsbom1q65jd7t8h511biv3-1,1p33nsbom1q65jd7t8h511biv3,2013-10-22 22:41:45
82j05nmikdjsd2n2dpftiu1a93-1,82j05nmikdjsd2n2dpftiu1a93,2013-10-22 22:42:52
gojq92qggl3abfndj8mdksgdd6-1,gojq92qggl3abfndj8mdksgdd6,2013-10-22 22:44:58
vqh5tvsmdcunoq7cn5d5pqgpt3-1,vqh5tvsmdcunoq7cn5d5pqgpt3,2013-10-22 22:54:11
78muooo1hde22vstjo18avq3d7-1,78muooo1hde22vstjo18avq3d7,2013-10-22 23:12:54
ngufmgt7jh14cmpmq20bik64g0-1,ngufmgt7jh14cmpmq20bik64g0,2013-10-22 23:29:03
fgr2c8kchnkk586jnprijj56g7-1,fgr2c8kchnkk586jnprijj56g7,2013-10-22 23:39:08
3u784erefiptr9cjkcj9iabab1-1,3u784erefiptr9cjkcj9iabab1,2013-10-23 01:04:56
c7e8tqckdkoar4tj6qlvvggk66-1,c7e8tqckdkoar4tj6qlvvggk66,2013-10-23 04:20:15
3u4litb5q87ac6q91ogi9th705-1,3u4litb5q87ac6q91ogi9th705,2013-10-23 06:53:15
efp94efbmgvlsu49hih7pcpbu2-1,efp94efbmgvlsu49hih7pcpbu2,2013-10-23 07:14:42
5is0869cc1ha5lmv2builikpv7-1,5is0869cc1ha5lmv2builikpv7,2013-10-23 07:31:19
e42oe5mitg2sa3hpfgj7lm6v64-1,e42oe5mitg2sa3hpfgj7lm6v64,2013-10-23 07:41:16
pb9tn8ohsdp9mvf7c2cq0o5et1-1,pb9tn8ohsdp9mvf7c2cq0o5et1,2013-10-23 08:18:55
v7pkedfmgffit2d6tmugv3ssf4-1,v7pkedfmgffit2d6tmugv3ssf4,2013-10-23 08:21:57
164jp1vcta3cn7lb5l8kl1e0e0-1,164jp1vcta3cn7lb5l8kl1e0e0,2013-10-23 08:42:32
vsac1cc05eag15sqc39p4h5tc7-1,vsac1cc05eag15sqc39p4h5tc7,2013-10-23 09:01:08
lg2t4okk6ol027dci50fmp3i87-1,lg2t4okk6ol027dci50fmp3i87,2013-10-23 09:09:37
ds9enqvelggsato1cs6i9t8b42-1,ds9enqvelggsato1cs6i9t8b42,2013-10-23 09:17:45
e4v1q57pib751npn35mc42kva3-1,e4v1q57pib751npn35mc42kva3,2013-10-23 09:34:49
2f627t971841u68jfv57o7iqk2-1,2f627t971841u68jfv57o7iqk2,2013-10-23 09:43:47
hbv3b096ds4uktfv1rdad4quv6-1,hbv3b096ds4uktfv1rdad4quv6,2013-10-23 10:00:17
lvma0thsbmtvdabituc6udas80-1,lvma0thsbmtvdabituc6udas80,2013-10-23 10:05:44
7en46plui4e9va5ee2r96r80e4-1,7en46plui4e9va5ee2r96r80e4,2013-10-23 10:19:56
079mbfqtoimmm8vjn90bmtlj55-1,079mbfqtoimmm8vjn90bmtlj55,2013-10-23 10:30:57
23iuad2kgo2p6i4jjqn96fhtn6-1,23iuad2kgo2p6i4jjqn96fhtn6,2013-10-23 10:54:31
a2htkcd7mgpdqcp9jdtsg7cht4-1,a2htkcd7mgpdqcp9jdtsg7cht4,2013-10-23 11:11:38
5pri90r3dunq3m1jtnsldqfu91-1,5pri90r3dunq3m1jtnsldqfu91,2013-10-23 11:16:05
tcr5u4rgjuvv4sphvh7mub2mv3-1,tcr5u4rgjuvv4sphvh7mub2mv3,2013-10-23 11:38:45
cigv24naasc3itouf1e06k9ce0-1,cigv24naasc3itouf1e06k9ce0,2013-10-23 11:42:11
qm0fd9njjehepvd672r9s28744-1,qm0fd9njjehepvd672r9s28744,2013-10-23 11:52:39
g5679pa3vfj7j3o27vcqehvb04-1,g5679pa3vfj7j3o27vcqehvb04,2013-10-23 11:55:51
22ukb4r62osp3hdvieem3u2f04-1,22ukb4r62osp3hdvieem3u2f04,2013-10-23 12:07:56
bkgpl6l570re58jvd2q11u4s77-1,bkgpl6l570re58jvd2q11u4s77,2013-10-23 12:28:04
d6lr6j8h71p397bcqicdcs9rf7-1,d6lr6j8h71p397bcqicdcs9rf7,2013-10-23 12:47:03
9sptlgimf4lqgth26v68u266p4-1,9sptlgimf4lqgth26v68u266p4,2013-10-23 12:47:39
8dg422cpeovsngrpni3eu2irf5-1,8dg422cpeovsngrpni3eu2irf5,2013-10-23 13:04:20
ikhiapltk4h2nbmun3kirrd0l1-1,ikhiapltk4h2nbmun3kirrd0l1,2013-10-23 13:08:37
ct1qqle9dpjg4umsb9pe94k1l7-1,ct1qqle9dpjg4umsb9pe94k1l7,2013-10-23 13:22:23
7au0n6755j6tfp2m3v5nod7qp3-1,7au0n6755j6tfp2m3v5nod7qp3,2013-10-23 13:40:22
6hrpnoq9uku5ni75sc7n37ee06-1,6hrpnoq9uku5ni75sc7n37ee06,2013-10-23 13:45:59
tlutvc5jahr5aqs6t07ufd0766-1,tlutvc5jahr5aqs6t07ufd0766,2013-10-23 13:46:12
dbr1fq5jfq465r2rf5a33oq4t2-1,dbr1fq5jfq465r2rf5a33oq4t2,2013-10-23 13:50:09
du079jvefs6d49i4kov6pkdt02-1,du079jvefs6d49i4kov6pkdt02,2013-10-23 14:08:21
gfojdsoo6ll0tcle0tnv7mrr64-1,gfojdsoo6ll0tcle0tnv7mrr64,2013-10-23 14:09:44
vpvvmhhttmf4m9uf7pq9on21l4-1,vpvvmhhttmf4m9uf7pq9on21l4,2013-10-23 14:10:20
ust0kdmn9k83trgngg4v0kvls3-1,ust0kdmn9k83trgngg4v0kvls3,2013-10-23 14:12:08
unla2pa2aa0da5mj65esr8vh22-1,unla2pa2aa0da5mj65esr8vh22,2013-10-23 14:34:33
1njeij6e1je212036b2c830m57-1,1njeij6e1je212036b2c830m57,2013-10-23 14:39:24
830rut3nje5of2s690htq0u3r7-1,830rut3nje5of2s690htq0u3r7,2013-10-23 14:46:48
qb693gcqbhfe8qabq9nr5nmcc2-1,qb693gcqbhfe8qabq9nr5nmcc2,2013-10-23 14:51:39
pefo5ph6uhsbsh1nru1cpfhq46-1,pefo5ph6uhsbsh1nru1cpfhq46,2013-10-23 15:25:10
fvkki41i594assmlmjngoes8u0-1,fvkki41i594assmlmjngoes8u0,2013-10-23 15:42:36
82ovefml8mptdpk6o87i5fi052-1,82ovefml8mptdpk6o87i5fi052,2013-10-23 15:45:49
eho9uvuvqmdi432ae4o7mh5k33-1,eho9uvuvqmdi432ae4o7mh5k33,2013-10-23 16:00:33
l8jlk5p953bndnc3kog7sl0pc1-1,l8jlk5p953bndnc3kog7sl0pc1,2013-10-23 16:19:20
hseih4sit6hujd55idegoejtv6-1,hseih4sit6hujd55idegoejtv6,2013-10-23 16:34:36
vo0g5ngv70ab7mkg8jnh0e6n61-1,vo0g5ngv70ab7mkg8jnh0e6n61,2013-10-23 16:38:25
6eo87eurocobbh40nbvnbibvi3-1,6eo87eurocobbh40nbvnbibvi3,2013-10-23 16:44:52
11hol140drg0in4q24o4um67p4-1,11hol140drg0in4q24o4um67p4,2013-10-23 16:46:48
p28903bo4hjqdmqmc81a43btg1-1,p28903bo4hjqdmqmc81a43btg1,2013-10-23 16:59:56
csd1cnr1b52e338rm6hm36j0m6-1,csd1cnr1b52e338rm6hm36j0m6,2013-10-23 17:02:40
8i8rhnl20g5o8uf4fp2nhp2dc5-1,8i8rhnl20g5o8uf4fp2nhp2dc5,2013-10-23 17:43:39
0jnlrfq21uj7l3q7feajtvcnt2-1,0jnlrfq21uj7l3q7feajtvcnt2,2013-10-23 17:59:53
3373ikl4d2s8migrrpp0tmo0k7-1,3373ikl4d2s8migrrpp0tmo0k7,2013-10-23 18:03:41
0bv3ngj4p7rr2ibphcdna90kb1-1,0bv3ngj4p7rr2ibphcdna90kb1,2013-10-23 18:07:52
6u7toegm4bj4llqfb5e1v10bk6-1,6u7toegm4bj4llqfb5e1v10bk6,2013-10-23 18:39:50
9vokqg4cfm3onb9ta764o6v684-1,9vokqg4cfm3onb9ta764o6v684,2013-10-23 18:51:28
ge0n5j8qka08aiudeglqe35110-1,ge0n5j8qka08aiudeglqe35110,2013-10-23 18:58:59
98m2kmhdu30jbrs2o8i2a724v2-1,98m2kmhdu30jbrs2o8i2a724v2,2013-10-23 19:10:47
l2kkp8kgetvaujlvnim2fbvoh0-1,l2kkp8kgetvaujlvnim2fbvoh0,2013-10-23 19:12:32
ug1jt5at668rmunojg0not3ma5-1,ug1jt5at668rmunojg0not3ma5,2013-10-23 19:21:00
1841a609e2tqgorm6jk9avr9e0-1,1841a609e2tqgorm6jk9avr9e0,2013-10-23 19:25:17
beglt81f5ir9clinh6gvpok647-1,beglt81f5ir9clinh6gvpok647,2013-10-23 19:27:06
4gshft5injm1k3irngl7gsaa87-1,4gshft5injm1k3irngl7gsaa87,2013-10-23 19:32:11
2bvbl4v8neq05fc0pkb8vp5ip3-1,2bvbl4v8neq05fc0pkb8vp5ip3,2013-10-23 19:37:19
sj88vcd3t55g3fuhkv18j7amo7-1,sj88vcd3t55g3fuhkv18j7amo7,2013-10-23 19:45:43
bbpp1ir16tg5ut4up4046e0qi1-1,bbpp1ir16tg5ut4up4046e0qi1,2013-10-23 20:04:19
bnh7e8l4qkf7uvfmv5f6lvobl4-1,bnh7e8l4qkf7uvfmv5f6lvobl4,2013-10-23 20:26:58
hbpvl09gdebc0s22q623b6cqi0-1,hbpvl09gdebc0s22q623b6cqi0,2013-10-23 20:37:17
o9nk54inpgs946plol9ndj94r7-1,o9nk54inpgs946plol9ndj94r7,2013-10-23 20:44:52
q15eer7a6snm6c8qt71tqiunm5-1,q15eer7a6snm6c8qt71tqiunm5,2013-10-23 20:52:41
4gjg000b18s95aaejls6jejg56-1,4gjg000b18s95aaejls6jejg56,2013-10-23 20:52:57
82rlfiriqjl4ajl2r2sbuc7n03-1,82rlfiriqjl4ajl2r2sbuc7n03,2013-10-23 21:01:30
rcdfh3l9h9nt0qn81a22vjvc64-1,rcdfh3l9h9nt0qn81a22vjvc64,2013-10-23 21:09:56
e1koha06bd3jgt26k9u2vv6t21-1,e1koha06bd3jgt26k9u2vv6t21,2013-10-23 21:17:02
irvue22etqucaih29oancug1h5-1,irvue22etqucaih29oancug1h5,2013-10-23 21:17:34
5rd1cobegjg7g35sr7artutvq4-1,5rd1cobegjg7g35sr7artutvq4,2013-10-23 21:20:19
2vkfo9797cd2jomkd617dv91q1-1,2vkfo9797cd2jomkd617dv91q1,2013-10-23 21:31:50
q18g0nrkvh6cc9rqqnclov42s7-1,q18g0nrkvh6cc9rqqnclov42s7,2013-10-23 21:33:36
st1k0vj54mjmdl7r750fska923-1,st1k0vj54mjmdl7r750fska923,2013-10-23 21:44:27
aall4dmf5a24k60lkev0dsfuh7-1,aall4dmf5a24k60lkev0dsfuh7,2013-10-23 21:46:36
f20evflkdsvc89nem10p1ucp66-1,f20evflkdsvc89nem10p1ucp66,2013-10-23 21:48:29
e7elot1r1jsc97q17scetps045-1,e7elot1r1jsc97q17scetps045,2013-10-23 21:54:36
p4jsb9mq45f41avrkq3knqua35-1,p4jsb9mq45f41avrkq3knqua35,2013-10-23 21:59:02
k0u4iovrlqhjhiehj2mkifsp27-1,k0u4iovrlqhjhiehj2mkifsp27,2013-10-23 22:01:14
cttfh5rec7s3upn69hd7d6evr5-1,cttfh5rec7s3upn69hd7d6evr5,2013-10-23 22:08:50
5angtmrf3letbvr5i2uijit720-1,5angtmrf3letbvr5i2uijit720,2013-10-23 22:09:02
idc6115cirm0t01qio78278mm0-1,idc6115cirm0t01qio78278mm0,2013-10-23 22:09:50
ckbsom2c52f75prrirsud3pk00-1,ckbsom2c52f75prrirsud3pk00,2013-10-23 22:19:08
41d3vld1cnddeqijgm43a2a0b3-1,41d3vld1cnddeqijgm43a2a0b3,2013-10-23 22:25:10
tkpbccng0qsqqseo6dq7teb0i3-1,tkpbccng0qsqqseo6dq7teb0i3,2013-10-23 22:31:43
kvk7ncj6qfp9g89m34mo51n2k1-1,kvk7ncj6qfp9g89m34mo51n2k1,2013-10-23 22:38:46
0ihmse8to5cu7tn1irbcri1cv1-1,0ihmse8to5cu7tn1irbcri1cv1,2013-10-23 22:44:18
d6glh9ggmfcf20tlhn0l25ag80-1,d6glh9ggmfcf20tlhn0l25ag80,2013-10-23 22:46:25
rcre8k1o96no55e8n0rj6lj232-1,rcre8k1o96no55e8n0rj6lj232,2013-10-23 22:51:24
e9lri88aj1gb6db8qtaknps2i1-1,e9lri88aj1gb6db8qtaknps2i1,2013-10-23 22:51:31
glt96d48di081mafd464ja78v2-1,glt96d48di081mafd464ja78v2,2013-10-23 23:14:41
e2ek7qokto85ihrn62l94ke0n0-1,e2ek7qokto85ihrn62l94ke0n0,2013-10-23 23:42:03
5p0s8rapiia98cvvt0lph33l24-1,5p0s8rapiia98cvvt0lph33l24,2013-10-24 00:11:59
cu5d0p3ncl1msijbn24e9k66q7-1,cu5d0p3ncl1msijbn24e9k66q7,2013-10-24 06:27:14
bffftjc418qc0jepa405nqk1o3-1,bffftjc418qc0jepa405nqk1o3,2013-10-24 08:03:36
074vhcm0902h6atjcv5lj3v6a1-1,074vhcm0902h6atjcv5lj3v6a1,2013-10-24 08:27:21
icvnt5405bgpar9gnr3bevjb12-1,icvnt5405bgpar9gnr3bevjb12,2013-10-24 08:40:52
5j536ku4jhifv3bbvlbusr2ho5-1,5j536ku4jhifv3bbvlbusr2ho5,2013-10-24 08:44:14
c99r1m5m9gavg6e3dgu80ck6m3-1,c99r1m5m9gavg6e3dgu80ck6m3,2013-10-24 08:48:09
au2gmtsfrvt92ko1235cdfdmn7-1,au2gmtsfrvt92ko1235cdfdmn7,2013-10-24 08:53:35
pfn8nrd4hdm20t11pmg0d98te7-1,pfn8nrd4hdm20t11pmg0d98te7,2013-10-24 08:54:05
dlr3veclgfu7gb746ar3u3uqn0-1,dlr3veclgfu7gb746ar3u3uqn0,2013-10-24 09:02:33
omcc8t3bgbhp6esffk6vc98gv6-1,omcc8t3bgbhp6esffk6vc98gv6,2013-10-24 09:34:58
3go8loovl6cf4v7oh4hjo4ie41-1,3go8loovl6cf4v7oh4hjo4ie41,2013-10-24 09:37:31
0i396k4sjgli0mqngu5ifq02q1-1,0i396k4sjgli0mqngu5ifq02q1,2013-10-24 09:41:19
rpsnru55h4ifmmrl1r97r9g127-1,rpsnru55h4ifmmrl1r97r9g127,2013-10-24 09:50:54
i897fv8juo0conmkf4e6qlj4o0-1,i897fv8juo0conmkf4e6qlj4o0,2013-10-24 10:19:01
vor0fee8ssj5kn5b0cmm6r55v3-1,vor0fee8ssj5kn5b0cmm6r55v3,2013-10-24 10:21:57
0o2eb5ipf86hn7808jmo2b2873-1,0o2eb5ipf86hn7808jmo2b2873,2013-10-24 10:41:44
gts1jni29g3eu9iv71ulb6od16-1,gts1jni29g3eu9iv71ulb6od16,2013-10-24 10:53:17
t8bm69qrglafguar3m8njsnrd5-1,t8bm69qrglafguar3m8njsnrd5,2013-10-24 11:48:52
13shblpdchpmnr8v9uj7evblb5-1,13shblpdchpmnr8v9uj7evblb5,2013-10-24 11:57:52
3biqhli5jqlh4vgaij1nf3p641-1,3biqhli5jqlh4vgaij1nf3p641,2013-10-24 11:59:03
fp5ospvbcdo0nb149n9dr083v0-1,fp5ospvbcdo0nb149n9dr083v0,2013-10-24 12:06:12
l3fuachu5l9a2juo8f22lsb345-1,l3fuachu5l9a2juo8f22lsb345,2013-10-24 12:07:35
rv6u59h28vhpn1f9uhdve1nh46-1,rv6u59h28vhpn1f9uhdve1nh46,2013-10-24 12:16:11
55m0lvprhlfu38qoude9ul6fj6-1,55m0lvprhlfu38qoude9ul6fj6,2013-10-24 12:17:48
s23ts3le1pouip8rrtv306pjt3-1,s23ts3le1pouip8rrtv306pjt3,2013-10-24 12:20:25
foeha8smdh3ermkldo67e3uem3-1,foeha8smdh3ermkldo67e3uem3,2013-10-24 12:20:36
5n08sk35nj5n6e12a1cls8eqo5-1,5n08sk35nj5n6e12a1cls8eqo5,2013-10-24 12:34:19
ive2lijbd9hitnb2a0t28df9e7-1,ive2lijbd9hitnb2a0t28df9e7,2013-10-24 12:52:16
f1ajes0fbeb7h28g005psd02q6-1,f1ajes0fbeb7h28g005psd02q6,2013-10-24 13:23:43
7ii9cqctni8dunvu9p2k0a1vr0-1,7ii9cqctni8dunvu9p2k0a1vr0,2013-10-24 13:50:56
kju8huuhmjkauvarsijcphihv3-1,kju8huuhmjkauvarsijcphihv3,2013-10-24 13:53:49
kviureju1v0514koil1ubuv5f4-1,kviureju1v0514koil1ubuv5f4,2013-10-24 14:00:23
juqdjbheeh9o8c1fa1ngna24g0-1,juqdjbheeh9o8c1fa1ngna24g0,2013-10-24 14:08:04
q3stssi71hma2gb7ufv4n8s734-1,q3stssi71hma2gb7ufv4n8s734,2013-10-24 14:12:49
1369gfpbqlo9f80kuivam0hv77-1,1369gfpbqlo9f80kuivam0hv77,2013-10-24 14:14:24
o76o0j56m2fckjndj6rrss5ub5-1,o76o0j56m2fckjndj6rrss5ub5,2013-10-24 14:18:39
ji7vlmohml6p415cg6t9qi9s51-1,ji7vlmohml6p415cg6t9qi9s51,2013-10-24 14:37:47
eo17l1umm4bc9h47np4lic1ut7-1,eo17l1umm4bc9h47np4lic1ut7,2013-10-24 14:37:47
ieufutujvucvc8h26cbgr6hrt4-1,ieufutujvucvc8h26cbgr6hrt4,2013-10-24 14:59:28
8rs62l1u482kr4q7m1f6ou3lv1-1,8rs62l1u482kr4q7m1f6ou3lv1,2013-10-24 15:02:50
d4k8kvfdt686bsejkobela8mu2-1,d4k8kvfdt686bsejkobela8mu2,2013-10-24 15:04:28
ljl7vu3kg5albsq3m22rdcfmc3-1,ljl7vu3kg5albsq3m22rdcfmc3,2013-10-24 15:10:05
u8ne5n9dnoarcaml72e2tkg2h7-1,u8ne5n9dnoarcaml72e2tkg2h7,2013-10-24 15:14:59
a5mfk9qlmeh1i24nr7f08s0pt1-1,a5mfk9qlmeh1i24nr7f08s0pt1,2013-10-24 15:20:27
h7ng1r3pgu1g6eqhg31bhd91a5-1,h7ng1r3pgu1g6eqhg31bhd91a5,2013-10-24 15:37:37
dpbfpp7u84q1inn9gma884kcm3-1,dpbfpp7u84q1inn9gma884kcm3,2013-10-24 15:39:41
eebnv2v7la3qt22ola9kr03s70-1,eebnv2v7la3qt22ola9kr03s70,2013-10-24 15:40:05
emjdlej1j0ni9sunf39p0kga42-1,emjdlej1j0ni9sunf39p0kga42,2013-10-24 15:47:52
qm7984u3ufv8802vppdg5uu7i2-1,qm7984u3ufv8802vppdg5uu7i2,2013-10-24 16:00:43
hist27fr9hbn3i3itkrd0imb95-1,hist27fr9hbn3i3itkrd0imb95,2013-10-24 16:01:36
snjp1d2ikc70dfrdci613grd23-1,snjp1d2ikc70dfrdci613grd23,2013-10-24 16:04:39
ar9v22afn1k3f3a8v3g5rjlkt2-1,ar9v22afn1k3f3a8v3g5rjlkt2,2013-10-24 16:13:18
6bos4kem6oe8q7mc7adhqjauq1-1,6bos4kem6oe8q7mc7adhqjauq1,2013-10-24 16:14:24
4qijkk2elop09a6itqkigqovj0-1,4qijkk2elop09a6itqkigqovj0,2013-10-24 16:19:49
6bb8q5mtr7cji6moqjfqtihmv6-1,6bb8q5mtr7cji6moqjfqtihmv6,2013-10-24 16:30:27
bmn53h556b2di1qdj0uu20jue6-1,bmn53h556b2di1qdj0uu20jue6,2013-10-24 16:31:08
gckm96igfg4b5d0vue17c7aen4-1,gckm96igfg4b5d0vue17c7aen4,2013-10-24 16:50:44
cp0mldlqr1t4acs5528cqujk37-1,cp0mldlqr1t4acs5528cqujk37,2013-10-24 16:57:26
f6sqbp7rc4h1lccudmmcekgc41-1,f6sqbp7rc4h1lccudmmcekgc41,2013-10-24 17:03:36
1uq0msgbbd5cs0sepdoo6icj77-1,1uq0msgbbd5cs0sepdoo6icj77,2013-10-24 17:22:22
u962kfbio0308j9vol434172a4-1,u962kfbio0308j9vol434172a4,2013-10-24 17:23:28
43dm1v33b7ur9bccjds0j8fb21-1,43dm1v33b7ur9bccjds0j8fb21,2013-10-24 17:26:55
rt9seo61bqniu6iv3p2bbnki73-1,rt9seo61bqniu6iv3p2bbnki73,2013-10-24 17:33:16
lp2ha1irsu40cuhh33ogaoonm2-1,lp2ha1irsu40cuhh33ogaoonm2,2013-10-24 17:35:29
mih8ese1bm8etchtskmitq51d4-1,mih8ese1bm8etchtskmitq51d4,2013-10-24 17:44:58
4k7nmgk8tlkncdec0p50qgvng5-1,4k7nmgk8tlkncdec0p50qgvng5,2013-10-24 17:46:39
19l8jtj4eetulbeiea6f8ubro2-1,19l8jtj4eetulbeiea6f8ubro2,2013-10-24 17:57:43
a216rhr9fdsc761f56bo663aq6-1,a216rhr9fdsc761f56bo663aq6,2013-10-24 18:07:30
312fj5gt22q4prq42hcjhssc96-1,312fj5gt22q4prq42hcjhssc96,2013-10-24 18:16:49
m5fmq1904h7b12kpd7ecv086t3-1,m5fmq1904h7b12kpd7ecv086t3,2013-10-24 18:30:26
iocl83i65tgc45rpr2oh6lss02-1,iocl83i65tgc45rpr2oh6lss02,2013-10-24 18:32:46
4h951g7k58742es9k3mlc7db00-1,4h951g7k58742es9k3mlc7db00,2013-10-24 18:37:08
l1n0qti6to43t5qenr90b7duh6-1,l1n0qti6to43t5qenr90b7duh6,2013-10-24 18:40:41
hsaoo05s2vi63sc4g96vddmio2-1,hsaoo05s2vi63sc4g96vddmio2,2013-10-24 18:42:24
b4cnda04aaklt8ku534ccli7k4-1,b4cnda04aaklt8ku534ccli7k4,2013-10-24 19:01:35
p4hi6b6bdk6mh913q4dbhotka4-1,p4hi6b6bdk6mh913q4dbhotka4,2013-10-24 19:11:24
me30qe7tlnl48d5t5oc0lv6717-1,me30qe7tlnl48d5t5oc0lv6717,2013-10-24 19:25:51
9lu08n7r9k4e654a15mu6nljk6-1,9lu08n7r9k4e654a15mu6nljk6,2013-10-24 19:27:39
r4k83o8s7rjj7tcl31nh63o272-1,r4k83o8s7rjj7tcl31nh63o272,2013-10-24 19:30:23
9rhg4j06skrj8ee8v7mp027ur6-1,9rhg4j06skrj8ee8v7mp027ur6,2013-10-24 19:41:05
6v7niipaaqmesqhmeft4unr8e0-1,6v7niipaaqmesqhmeft4unr8e0,2013-10-24 20:07:22
1l7l365r4pisl9vohrs3lo70n5-1,1l7l365r4pisl9vohrs3lo70n5,2013-10-24 20:12:49
v1udo1r0obfhb0bcfr759f9rm4-1,v1udo1r0obfhb0bcfr759f9rm4,2013-10-24 20:12:51
2ub9h25b1ehjq2nr7o4shin4b3-1,2ub9h25b1ehjq2nr7o4shin4b3,2013-10-24 20:20:55
q3p7pcd6dfbpgnkeb8uibbepl1-1,q3p7pcd6dfbpgnkeb8uibbepl1,2013-10-24 20:25:28
rp7b1lsp3rcrfca7rsgss3atc0-1,rp7b1lsp3rcrfca7rsgss3atc0,2013-10-24 20:26:48
kjh9se6j1c5couhlj3ctlr4n74-1,kjh9se6j1c5couhlj3ctlr4n74,2013-10-24 20:27:01
qcgn9bge0mkquqhl5g3fhl8dr6-1,qcgn9bge0mkquqhl5g3fhl8dr6,2013-10-24 20:27:30
j0hm5fecj4p7rp3b6c92t5el62-1,j0hm5fecj4p7rp3b6c92t5el62,2013-10-24 20:45:55
evjgu4hcfe3f9c4vjrtsti70d1-1,evjgu4hcfe3f9c4vjrtsti70d1,2013-10-24 20:46:24
6m0j7o6kj9gj3iok5bd1euo0a4-1,6m0j7o6kj9gj3iok5bd1euo0a4,2013-10-24 20:59:37
rbnuuki22okk37u5ce70g5dbk2-1,rbnuuki22okk37u5ce70g5dbk2,2013-10-24 20:59:43
0tdhs1pqq4ul58mqhj7g8vhha2-1,0tdhs1pqq4ul58mqhj7g8vhha2,2013-10-24 21:04:13
6oi575396pdoueinhbproek4v4-1,6oi575396pdoueinhbproek4v4,2013-10-24 21:12:48
m40ibo56vrop0o382gfnn8e4f6-1,m40ibo56vrop0o382gfnn8e4f6,2013-10-24 21:17:47
jpfmr6nj9n4fsqcpe0ta29o9a3-1,jpfmr6nj9n4fsqcpe0ta29o9a3,2013-10-24 21:20:26
agqb3ga0ekvpec12vhi9eqong5-1,agqb3ga0ekvpec12vhi9eqong5,2013-10-24 21:25:53
oj5q95t5co7qdmgklm1l89a8u0-1,oj5q95t5co7qdmgklm1l89a8u0,2013-10-24 21:31:22
focf2e2vvef7onblm9skst3ui7-1,focf2e2vvef7onblm9skst3ui7,2013-10-24 21:35:18
uhbe85d7990o2dee3251muqis4-1,uhbe85d7990o2dee3251muqis4,2013-10-24 21:35:23
ub3uc5jck6i9q3o8trqeik5lo4-1,ub3uc5jck6i9q3o8trqeik5lo4,2013-10-24 21:36:00
auu17mis1itrf9m88ejdp3f5b0-1,auu17mis1itrf9m88ejdp3f5b0,2013-10-24 21:41:53
fk5udkontqba7d2cotsv8dpib3-1,fk5udkontqba7d2cotsv8dpib3,2013-10-24 21:49:22
2uvtq67sv09iei29sltkdghde2-1,2uvtq67sv09iei29sltkdghde2,2013-10-24 22:00:17
9ru51ihv4p7h01ja10v5ramke2-1,9ru51ihv4p7h01ja10v5ramke2,2013-10-24 22:04:43
4gqv18qe5i77phoe5qhejsb8a0-1,4gqv18qe5i77phoe5qhejsb8a0,2013-10-24 22:15:04
bd1u2ccfrgl11k3g90jqj8snd0-1,bd1u2ccfrgl11k3g90jqj8snd0,2013-10-24 22:20:26
7ugsa5pe91fajhm7kptnsnet82-1,7ugsa5pe91fajhm7kptnsnet82,2013-10-24 22:31:32
8caalc2fidmi2ujrjgm606i5e7-1,8caalc2fidmi2ujrjgm606i5e7,2013-10-24 22:34:20
aauj4pupqobfldrmejagubvvb5-1,aauj4pupqobfldrmejagubvvb5,2013-10-24 22:43:24
icniiqdm2gp3s8mk71uci0cc56-1,icniiqdm2gp3s8mk71uci0cc56,2013-10-24 22:43:42
qbc2a18hdipnd03qo4s10c2he3-1,qbc2a18hdipnd03qo4s10c2he3,2013-10-24 23:00:08
9i2r36bvik1hvdo8d6h1u31pf3-1,9i2r36bvik1hvdo8d6h1u31pf3,2013-10-24 23:08:20
r86u0r1hjpgd58l0m0amldha34-1,r86u0r1hjpgd58l0m0amldha34,2013-10-24 23:27:58
7lcu0ql69v7c2nd9qq3ije4945-1,7lcu0ql69v7c2nd9qq3ije4945,2013-10-24 23:33:30
sr7vaqi88m97pv8q1urhkkm8i5-1,sr7vaqi88m97pv8q1urhkkm8i5,2013-10-24 23:43:18
vmkablkpth3sgl55iqcbs827j7-1,vmkablkpth3sgl55iqcbs827j7,2013-10-24 23:45:52
10168emqih49q86lt535bt74o3-1,10168emqih49q86lt535bt74o3,2013-10-24 23:48:31
46u87d74v0n54h4ak49akmp047-1,46u87d74v0n54h4ak49akmp047,2013-10-24 23:50:21
rrcd0c14te9giiac8moamcng97-1,rrcd0c14te9giiac8moamcng97,2013-10-24 23:53:04
aq9ao8igisl9dpuf8e21vrd0i1-1,aq9ao8igisl9dpuf8e21vrd0i1,2013-10-25 00:03:12
3ci12mjf5q8ifhtu58jtauvko2-1,3ci12mjf5q8ifhtu58jtauvko2,2013-10-25 00:17:18
puhfrqbo2at7vah7nuanrfils3-1,puhfrqbo2at7vah7nuanrfils3,2013-10-25 01:10:00
3kbi6b2ndii9e0i5gcucqogfc4-1,3kbi6b2ndii9e0i5gcucqogfc4,2013-10-25 01:20:14
j2b4la25kq73h4oe0p9qmffh03-1,j2b4la25kq73h4oe0p9qmffh03,2013-10-25 01:58:17
7i9ut752juiqc24fktj3aptc54-1,7i9ut752juiqc24fktj3aptc54,2013-10-25 02:30:46
c9inqqe0td5s5uicoak4onnf32-1,c9inqqe0td5s5uicoak4onnf32,2013-10-25 05:44:33
p6a151tqs9t9520vvf63oosmm5-1,p6a151tqs9t9520vvf63oosmm5,2013-10-25 06:31:23
4g3aasvmctfn7g90h1b2rmb782-1,4g3aasvmctfn7g90h1b2rmb782,2013-10-25 06:39:38
2bpugp9d48dc6eb5kpqga42io2-1,2bpugp9d48dc6eb5kpqga42io2,2013-10-25 07:29:12
hr0m5c37l1rsa8gcqiqe3906k0-1,hr0m5c37l1rsa8gcqiqe3906k0,2013-10-25 07:44:32
a1gnkehpme8tgjfpl3cua1o6r2-1,a1gnkehpme8tgjfpl3cua1o6r2,2013-10-25 08:00:37
a2bdckt4g47pv3khobe3r9ied3-1,a2bdckt4g47pv3khobe3r9ied3,2013-10-25 08:07:12
e4lhoher3k7r6ef3cc2a0q7m92-1,e4lhoher3k7r6ef3cc2a0q7m92,2013-10-25 08:14:52
8gcvel84i6nk2n7ilnhes5icl1-1,8gcvel84i6nk2n7ilnhes5icl1,2013-10-25 08:18:56
5d5ku5socp1tm5fcj0ipd0ia56-1,5d5ku5socp1tm5fcj0ipd0ia56,2013-10-25 08:19:05
gchvbes0c4301744ig41j3f212-1,gchvbes0c4301744ig41j3f212,2013-10-25 08:23:51
tnvpb6ql6h25gcodmfkpdrjv62-1,tnvpb6ql6h25gcodmfkpdrjv62,2013-10-25 08:26:08
dlutrckju7d68metin9qu4fnc2-1,dlutrckju7d68metin9qu4fnc2,2013-10-25 08:44:42
9m4mcmjcioi7v8hoht3apoq232-1,9m4mcmjcioi7v8hoht3apoq232,2013-10-25 08:46:27
rn4abtm37q3coktr64lknva545-1,rn4abtm37q3coktr64lknva545,2013-10-25 08:48:57
qm8rr8uqab40t6ke7896ku7dq2-1,qm8rr8uqab40t6ke7896ku7dq2,2013-10-25 08:55:50
r6d328ipongj26ivicdbokvtt2-1,r6d328ipongj26ivicdbokvtt2,2013-10-25 08:59:35
ravtair0aeqnliq4fq7l0eing1-1,ravtair0aeqnliq4fq7l0eing1,2013-10-25 09:06:30
non1gfp75rjubr4hh42v6ku4h0-1,non1gfp75rjubr4hh42v6ku4h0,2013-10-25 09:11:04
lrcth90qqntgnchipq0rr0i902-1,lrcth90qqntgnchipq0rr0i902,2013-10-25 09:13:33
dsnh0ppf057p8b0fkh8pmf88a0-1,dsnh0ppf057p8b0fkh8pmf88a0,2013-10-25 09:28:42
rnecchcr64cmpid01nju3peem4-1,rnecchcr64cmpid01nju3peem4,2013-10-25 09:33:55
5rd1ukcjfr1r770vni0t6f8f73-1,5rd1ukcjfr1r770vni0t6f8f73,2013-10-25 09:36:47
pd378rerjfvjud6lg3st674540-1,pd378rerjfvjud6lg3st674540,2013-10-25 09:37:02
lku1hr1rtjihtqug9i82j6g7v3-1,lku1hr1rtjihtqug9i82j6g7v3,2013-10-25 09:41:42
9nbtgokp1o0dmksuepnr961lr0-1,9nbtgokp1o0dmksuepnr961lr0,2013-10-25 09:44:25
7mg16ridulv64kikh4kfg8sat1-1,7mg16ridulv64kikh4kfg8sat1,2013-10-25 09:50:16
u63gvoiks0ck91cmqfnluv0pi2-1,u63gvoiks0ck91cmqfnluv0pi2,2013-10-25 09:50:58
jd4fft1onvesjajoqh2ma0qsd0-1,jd4fft1onvesjajoqh2ma0qsd0,2013-10-25 09:54:38
4bi7edc960aafj1rb3do1sle32-1,4bi7edc960aafj1rb3do1sle32,2013-10-25 09:59:55
b5lol3ttm12k8ad9i4ur27dev2-1,b5lol3ttm12k8ad9i4ur27dev2,2013-10-25 10:01:25
t28sr8n5tbqgm5d4jus8ko6r00-1,t28sr8n5tbqgm5d4jus8ko6r00,2013-10-25 10:02:01
svsp1i2v6ef0b9769h00n839s1-1,svsp1i2v6ef0b9769h00n839s1,2013-10-25 10:02:50
qs5eg7efccn4elrn3i7c75m4e0-1,qs5eg7efccn4elrn3i7c75m4e0,2013-10-25 10:03:03
4t813giaadqlhhcjn538gc9dh1-1,4t813giaadqlhhcjn538gc9dh1,2013-10-25 10:07:09
8a3ev42h8ne1c64erd0pt05m90-1,8a3ev42h8ne1c64erd0pt05m90,2013-10-25 10:13:58
odqtbbiabldu76mghf84if9h82-1,odqtbbiabldu76mghf84if9h82,2013-10-25 10:20:17
mt333434t4litajbpc3ecnvjc2-1,mt333434t4litajbpc3ecnvjc2,2013-10-25 10:22:25
oi83f6o27k68gkble70jlj3h85-1,oi83f6o27k68gkble70jlj3h85,2013-10-25 10:29:51
938dfund725eaoho4eedtvmqv0-1,938dfund725eaoho4eedtvmqv0,2013-10-25 10:35:10
vte8n9egjje21h0c008geq4i72-1,vte8n9egjje21h0c008geq4i72,2013-10-25 10:35:32
gr1kmv9300ocr74nr487lg7oe4-1,gr1kmv9300ocr74nr487lg7oe4,2013-10-25 10:35:54
jgh4kie2crh1ecn2crlkohdct1-1,jgh4kie2crh1ecn2crlkohdct1,2013-10-25 10:54:36
du60d5gievb15ebm24rfgupoa1-1,du60d5gievb15ebm24rfgupoa1,2013-10-25 10:54:53
pjv6c4823jliiobtg23lfuk7v4-1,pjv6c4823jliiobtg23lfuk7v4,2013-10-25 11:15:24
borjdqrsobtegfjj3qe1q7d2p0-1,borjdqrsobtegfjj3qe1q7d2p0,2013-10-25 11:32:02
heimta1vva59c2ojqbgrbta147-1,heimta1vva59c2ojqbgrbta147,2013-10-25 11:37:36
bptlq0lpidkikmj6n4jrtentj7-1,bptlq0lpidkikmj6n4jrtentj7,2013-10-25 11:44:17
1e2jlsa3qqsvfbnqukc86175s0-1,1e2jlsa3qqsvfbnqukc86175s0,2013-10-25 11:51:24
uevj0tpqsa97ve4iko8ajuto36-1,uevj0tpqsa97ve4iko8ajuto36,2013-10-25 11:54:11
k4nkhru2f553q0vpnt1spu4rs2-1,k4nkhru2f553q0vpnt1spu4rs2,2013-10-25 11:57:55
3gmvtn5l3eirv31ss9p4f66ut2-1,3gmvtn5l3eirv31ss9p4f66ut2,2013-10-25 11:58:59
fef6a6gbide244id5t6o9h6002-1,fef6a6gbide244id5t6o9h6002,2013-10-25 12:00:39
ucmc3m6bisu4j7rp0qo2p9qcn7-1,ucmc3m6bisu4j7rp0qo2p9qcn7,2013-10-25 12:05:06
pk7trt04djbg8f3s05bv9b9ti1-1,pk7trt04djbg8f3s05bv9b9ti1,2013-10-25 12:08:54
16f0t4kk9m6j81lrigbnlgom94-1,16f0t4kk9m6j81lrigbnlgom94,2013-10-25 12:15:01
jdtb88njdfte9v3jijanlglei6-1,jdtb88njdfte9v3jijanlglei6,2013-10-25 12:16:22
lknsrjb4qhmh0bvpcju1imfhv2-1,lknsrjb4qhmh0bvpcju1imfhv2,2013-10-25 12:19:55
k61edckm32agad31m8fd8383m5-1,k61edckm32agad31m8fd8383m5,2013-10-25 12:25:14
ujddgkpln6bkrkvc8nhqigp825-1,ujddgkpln6bkrkvc8nhqigp825,2013-10-25 12:35:04
p3p0at0u6k2dq9msmmvparbb15-1,p3p0at0u6k2dq9msmmvparbb15,2013-10-25 12:36:35
0li2lkbef52vu92dar7nnmodl6-1,0li2lkbef52vu92dar7nnmodl6,2013-10-25 12:37:36
sd2ul88qt7j653lnk5qj1un3n1-1,sd2ul88qt7j653lnk5qj1un3n1,2013-10-25 12:38:35
n5me3qvgeohg1ccb3l00c495c7-1,n5me3qvgeohg1ccb3l00c495c7,2013-10-25 12:47:41
0kbs2vnbt7o4625t1oba3571t1-1,0kbs2vnbt7o4625t1oba3571t1,2013-10-25 12:48:00
2iffao883lci4h8qa5h86f8s60-1,2iffao883lci4h8qa5h86f8s60,2013-10-25 12:50:37
9tk48evk6fudmrfevd6drj7q64-1,9tk48evk6fudmrfevd6drj7q64,2013-10-25 12:53:20
9shto8kgs9aletd0cbr9u3qa24-1,9shto8kgs9aletd0cbr9u3qa24,2013-10-25 13:01:01
hp2fpb213582oc7ls9857erd64-1,hp2fpb213582oc7ls9857erd64,2013-10-25 13:11:55
0qhr1m3qkjueqd724h4gd3juj6-1,0qhr1m3qkjueqd724h4gd3juj6,2013-10-25 13:13:40
hil2ij7sn75ubt1hom99s3hbl4-1,hil2ij7sn75ubt1hom99s3hbl4,2013-10-25 13:16:54
nqdb0c8m47tcoie604p1mn9vh1-1,nqdb0c8m47tcoie604p1mn9vh1,2013-10-25 13:19:20
mr4917dh6ek3gsd3lp66pk41e7-1,mr4917dh6ek3gsd3lp66pk41e7,2013-10-25 13:20:45
30nep339g1k8jo5igs21pd41v4-1,30nep339g1k8jo5igs21pd41v4,2013-10-25 13:27:13
cohouqcqtkomcfeh38ogl1c453-1,cohouqcqtkomcfeh38ogl1c453,2013-10-25 13:29:28
ooc6n36376cs27ciejpltjv055-1,ooc6n36376cs27ciejpltjv055,2013-10-25 13:36:31
rp7b1lsp3rcrfca7rsgss3atc0-2,rp7b1lsp3rcrfca7rsgss3atc0,2013-10-25 13:41:37
rv1dh8pfl3kcpa5alm8hj0kvs0-1,rv1dh8pfl3kcpa5alm8hj0kvs0,2013-10-25 13:44:36
me82fa1efh1ujvounq2sv9tj46-1,me82fa1efh1ujvounq2sv9tj46,2013-10-25 13:44:45
j6mle57lak49tsj9mbcdo5l695-1,j6mle57lak49tsj9mbcdo5l695,2013-10-25 13:51:39
l7vrqvrpajofd3v3itcgj8ad86-1,l7vrqvrpajofd3v3itcgj8ad86,2013-10-25 13:55:06
fovmkcueg0ekhsejorb5t53bm0-1,fovmkcueg0ekhsejorb5t53bm0,2013-10-25 13:56:58
j0vk7tvo2i7sfmp0qbpsfktfp6-1,j0vk7tvo2i7sfmp0qbpsfktfp6,2013-10-25 13:57:01
mt0v3pk1pplg6vuus2k96uio53-1,mt0v3pk1pplg6vuus2k96uio53,2013-10-25 13:59:12
g51om3ugvkbhttimhno09f4763-1,g51om3ugvkbhttimhno09f4763,2013-10-25 14:08:01
j3529k1f9jv6iv1t6n79m7s6u5-1,j3529k1f9jv6iv1t6n79m7s6u5,2013-10-25 14:15:19
fc69gff9bid8bq3h0fkddm2ei3-1,fc69gff9bid8bq3h0fkddm2ei3,2013-10-25 14:16:57
rc0ug2hrocd5rbm7p4raq4nnj0-1,rc0ug2hrocd5rbm7p4raq4nnj0,2013-10-25 14:17:05
gi5acaqprcjb06ebfqjcoef2g1-1,gi5acaqprcjb06ebfqjcoef2g1,2013-10-25 14:17:13
mjl0gc6l3a6jafctncdetvnk60-1,mjl0gc6l3a6jafctncdetvnk60,2013-10-25 14:21:22
k1icn5sn1ff1dqpksivb6lslp1-1,k1icn5sn1ff1dqpksivb6lslp1,2013-10-25 14:21:41
ds33qe2h2t5io81dfo9cco3uh3-1,ds33qe2h2t5io81dfo9cco3uh3,2013-10-25 14:23:23
rmqui6codlhr405vvlm7f7uue7-1,rmqui6codlhr405vvlm7f7uue7,2013-10-25 14:28:58
703cjm80mlfo1g2hpmq6rsjlo4-1,703cjm80mlfo1g2hpmq6rsjlo4,2013-10-25 14:29:06
2rq44l238p755431jrckno6000-1,2rq44l238p755431jrckno6000,2013-10-25 14:29:29
hvhkdcnhbcootg4qpr4730hg81-1,hvhkdcnhbcootg4qpr4730hg81,2013-10-25 14:30:26
r1ouga3e42etv1rksjshrsb0c4-1,r1ouga3e42etv1rksjshrsb0c4,2013-10-25 14:39:45
tvbf31f0shtkab68k8l6gf7n35-1,tvbf31f0shtkab68k8l6gf7n35,2013-10-25 14:39:46
3bjl8phh8h9njvkvgrf9p6pch1-1,3bjl8phh8h9njvkvgrf9p6pch1,2013-10-25 14:42:38
rc8bdbrc0fd2k2eppgd98kl4l2-1,rc8bdbrc0fd2k2eppgd98kl4l2,2013-10-25 14:45:38
mgq3m47se3t5vobd1k3g5qpid3-1,mgq3m47se3t5vobd1k3g5qpid3,2013-10-25 14:52:35
7fso7t6tlhlsi61qfenm2ie7r5-1,7fso7t6tlhlsi61qfenm2ie7r5,2013-10-25 14:54:36
j16tvqe56gl3hqqeprjojia3f4-1,j16tvqe56gl3hqqeprjojia3f4,2013-10-25 14:55:26
eqat4up5amo8poqoclr3k64pu7-1,eqat4up5amo8poqoclr3k64pu7,2013-10-25 15:07:45
gcou1prv38r28e2785k1svf8s7-1,gcou1prv38r28e2785k1svf8s7,2013-10-25 15:09:24
b0lphcpeim7njrm8hpgbqpocg0-1,b0lphcpeim7njrm8hpgbqpocg0,2013-10-25 15:15:50
krmvd2212cro2surb3070k3c32-1,krmvd2212cro2surb3070k3c32,2013-10-25 15:23:53
pul0rmoao7vj44ug6l2cs1lvh7-1,pul0rmoao7vj44ug6l2cs1lvh7,2013-10-25 15:25:28
4hb5ing3dvbk1t2e0mdutedaf2-1,4hb5ing3dvbk1t2e0mdutedaf2,2013-10-25 15:27:17
1prgrokbfqcqg3i081afbs4m70-1,1prgrokbfqcqg3i081afbs4m70,2013-10-25 15:39:35
kbcf244jfl6dr9502bvkaje802-1,kbcf244jfl6dr9502bvkaje802,2013-10-25 15:41:10
l0p2tb1hedhimukbfdto8bd1v4-1,l0p2tb1hedhimukbfdto8bd1v4,2013-10-25 15:47:27
8hhe03lddo1rtqcmjcbl8gvgn0-1,8hhe03lddo1rtqcmjcbl8gvgn0,2013-10-25 15:48:17
revbb72aabvcqh4hmd8f3vd741-1,revbb72aabvcqh4hmd8f3vd741,2013-10-25 15:53:18
ekesi7npnlp6sos1h436lf38l6-1,ekesi7npnlp6sos1h436lf38l6,2013-10-25 15:53:54
eovrnr6qiga6eav7i3n9j2kdq1-1,eovrnr6qiga6eav7i3n9j2kdq1,2013-10-25 15:54:13
qgj4bgvvn8is9l1aveossh9i22-1,qgj4bgvvn8is9l1aveossh9i22,2013-10-25 15:55:48
ola6lf1q999i20hh04ogshl271-1,ola6lf1q999i20hh04ogshl271,2013-10-25 16:01:45
l7vrqvrpajofd3v3itcgj8ad86-2,l7vrqvrpajofd3v3itcgj8ad86,2013-10-25 16:03:52
423e4tb0mlce5rncei01ili4h2-1,423e4tb0mlce5rncei01ili4h2,2013-10-25 16:04:35
5g80b0ddhq5aei0226rj4aksl6-1,5g80b0ddhq5aei0226rj4aksl6,2013-10-25 16:06:21
ak2kaeai3v5b427bi1o973m6f6-1,ak2kaeai3v5b427bi1o973m6f6,2013-10-25 16:10:52
jgu7u1uos3mkiu0ps8rc5m8qo3-1,jgu7u1uos3mkiu0ps8rc5m8qo3,2013-10-25 16:12:27
u3kqv57q5ck0a93kku6umi5j24-1,u3kqv57q5ck0a93kku6umi5j24,2013-10-25 16:16:01
na4d8ematclb2q8m6bl6qe9k43-1,na4d8ematclb2q8m6bl6qe9k43,2013-10-25 16:22:53
om0drh51m42l1t4e3gfnkgq2m2-1,om0drh51m42l1t4e3gfnkgq2m2,2013-10-25 16:24:11
g7juprvqksucv3crvp8b1hrcm4-1,g7juprvqksucv3crvp8b1hrcm4,2013-10-25 16:27:02
lhdq3sbvvt200lafs1rvf140c3-1,lhdq3sbvvt200lafs1rvf140c3,2013-10-25 16:27:23
jc2ve684d96btbb04d8cd85dl7-1,jc2ve684d96btbb04d8cd85dl7,2013-10-25 16:30:56
aveclveh0bob2rv4n3h51r08e1-1,aveclveh0bob2rv4n3h51r08e1,2013-10-25 16:31:47
0ie1fnf1vo5qqb9ocasl1n3aa7-1,0ie1fnf1vo5qqb9ocasl1n3aa7,2013-10-25 16:35:14
veilnm442bfh9b5502nbc9iiq0-1,veilnm442bfh9b5502nbc9iiq0,2013-10-25 16:40:38
ebbmpl1bkdh2u4s2rnmbg8n905-1,ebbmpl1bkdh2u4s2rnmbg8n905,2013-10-25 16:45:08
g797dvb6kccdr5vaa45eafjpr5-1,g797dvb6kccdr5vaa45eafjpr5,2013-10-25 16:45:40
nnihenh2splto2vpa334d0s5t4-1,nnihenh2splto2vpa334d0s5t4,2013-10-25 16:46:47
63kribtvfm3d2sjadficrusrb3-1,63kribtvfm3d2sjadficrusrb3,2013-10-25 16:57:47
nqbu63nqsvg7hqullcvelu45d6-1,nqbu63nqsvg7hqullcvelu45d6,2013-10-25 17:01:40
f6l8os56idmcsm91oth9hnbt07-1,f6l8os56idmcsm91oth9hnbt07,2013-10-25 17:06:34
t544cvkpi4c3ibjucrtppc5ko2-1,t544cvkpi4c3ibjucrtppc5ko2,2013-10-25 17:06:45
h2inn140igno0mjhkv21shmsk1-1,h2inn140igno0mjhkv21shmsk1,2013-10-25 17:09:32
7mcrc9mduc2g3aravonmbdir01-1,7mcrc9mduc2g3aravonmbdir01,2013-10-25 17:15:30
0li2lkbef52vu92dar7nnmodl6-2,0li2lkbef52vu92dar7nnmodl6,2013-10-25 17:18:50
1jkuk5id0ai9u7kkcihut72k05-1,1jkuk5id0ai9u7kkcihut72k05,2013-10-25 17:20:35
0m0d2khnlhdnaghvsdlhma1q51-1,0m0d2khnlhdnaghvsdlhma1q51,2013-10-25 17:26:44
2rssriajh517n9vflfla0dksk4-1,2rssriajh517n9vflfla0dksk4,2013-10-25 17:33:09
5p8p5u7v6jgnpbg9t8b8lb3hm1-1,5p8p5u7v6jgnpbg9t8b8lb3hm1,2013-10-25 17:33:29
tmd943lkjnk3hs4dnfb9upclp2-1,tmd943lkjnk3hs4dnfb9upclp2,2013-10-25 17:40:29
f7kuo0r165k9g63aish4f97cs7-1,f7kuo0r165k9g63aish4f97cs7,2013-10-25 17:43:18
c1k80bkjffnb4n364bc2a0qm21-1,c1k80bkjffnb4n364bc2a0qm21,2013-10-25 17:46:52
4miho1dt1sjcd3tsmf484dn1n3-1,4miho1dt1sjcd3tsmf484dn1n3,2013-10-25 17:57:45
c70pq2gvderuhpninepki9sg86-1,c70pq2gvderuhpninepki9sg86,2013-10-25 17:58:04
un2k2rsn2n90gv3nj48p2iqp02-1,un2k2rsn2n90gv3nj48p2iqp02,2013-10-25 18:03:59
g244bcgdepnth84vlfpf04i650-1,g244bcgdepnth84vlfpf04i650,2013-10-25 18:05:07
ot64k39a3pmqbe7r2ngj18dd16-1,ot64k39a3pmqbe7r2ngj18dd16,2013-10-25 18:25:44
h2c124oa09nchbrkl304ed6mc1-1,h2c124oa09nchbrkl304ed6mc1,2013-10-25 18:26:23
048ilkf1kbednljpisl005ki81-1,048ilkf1kbednljpisl005ki81,2013-10-25 18:33:22
a0a5njsi597qq3qjc9hc0s2450-1,a0a5njsi597qq3qjc9hc0s2450,2013-10-25 18:51:31
lug87h2q8d5b1u66l22uvol6s0-1,lug87h2q8d5b1u66l22uvol6s0,2013-10-25 19:00:30
6k6g7qm9pbc937rrjh1v1ct6p0-1,6k6g7qm9pbc937rrjh1v1ct6p0,2013-10-25 19:07:45
89n2sdihpa7b2jljhf8diab024-1,89n2sdihpa7b2jljhf8diab024,2013-10-25 19:13:39
mhjnl5ls1qn718k04rr9dqa7p5-1,mhjnl5ls1qn718k04rr9dqa7p5,2013-10-25 19:32:13
p8it6fj72s35ts9qp1t42hs5c5-1,p8it6fj72s35ts9qp1t42hs5c5,2013-10-25 19:41:19
l4u6ng2qs583enmhhi3jc6o606-1,l4u6ng2qs583enmhhi3jc6o606,2013-10-25 19:41:46
tokuihlrhlnisr8imogfe064t5-1,tokuihlrhlnisr8imogfe064t5,2013-10-25 19:43:42
3viaia11d472iejb91od8d2cp0-1,3viaia11d472iejb91od8d2cp0,2013-10-25 19:45:38
59l2j2tmcjs195a06l8g26cmk2-1,59l2j2tmcjs195a06l8g26cmk2,2013-10-25 19:47:27
tu4o7v5ojma470b1ph20taeu35-1,tu4o7v5ojma470b1ph20taeu35,2013-10-25 19:49:16
16vjfmarld6172i74tm8ncfp31-1,16vjfmarld6172i74tm8ncfp31,2013-10-25 19:50:04
g65jmb93en56p9k9m10ldf0c72-1,g65jmb93en56p9k9m10ldf0c72,2013-10-25 19:50:39
hfe16boc0i1fspkg6o4itis2b6-1,hfe16boc0i1fspkg6o4itis2b6,2013-10-25 20:20:29
gkvtf7fd7sgjnrbv53iiko4b73-1,gkvtf7fd7sgjnrbv53iiko4b73,2013-10-25 20:59:56
lso7h5lgod7tjiahr60ce991d1-1,lso7h5lgod7tjiahr60ce991d1,2013-10-25 21:00:26
hk9tnktu28v61lek67ktpgf5b3-1,hk9tnktu28v61lek67ktpgf5b3,2013-10-25 21:01:17
9aa40kjssqtqav0255j8n397t4-1,9aa40kjssqtqav0255j8n397t4,2013-10-25 21:10:38
um1f3jrrnl1fu9gq7ra68cji37-1,um1f3jrrnl1fu9gq7ra68cji37,2013-10-25 21:12:57
avr4vaour6udkio90ae9rkc960-1,avr4vaour6udkio90ae9rkc960,2013-10-25 21:17:54
43g3uih090crfuhup4eknkhof2-1,43g3uih090crfuhup4eknkhof2,2013-10-25 21:18:24
npf4aai2q9abpr3o7uns0120v2-1,npf4aai2q9abpr3o7uns0120v2,2013-10-25 21:27:20
e090isvlt62v5pemucq5u7han1-1,e090isvlt62v5pemucq5u7han1,2013-10-25 21:33:35
v5g0pf3gle619l45vl6isjs411-1,v5g0pf3gle619l45vl6isjs411,2013-10-25 21:38:39
jkg51skj4chkta4r2ko3scac14-1,jkg51skj4chkta4r2ko3scac14,2013-10-25 21:43:47
rcahvq2r0e546ssq4lp15fkq32-1,rcahvq2r0e546ssq4lp15fkq32,2013-10-25 21:49:34
2r522cpl0hvmlukq74d3qqsj85-1,2r522cpl0hvmlukq74d3qqsj85,2013-10-25 22:26:05
sldd41rmvthbnfk7diu7tnhf86-1,sldd41rmvthbnfk7diu7tnhf86,2013-10-25 22:30:42
618j5ile79463bhaehkebe4oo7-1,618j5ile79463bhaehkebe4oo7,2013-10-25 22:36:56
oent1u3bd41e28k4r5jaqajcf5-1,oent1u3bd41e28k4r5jaqajcf5,2013-10-25 22:38:38
bgbaunqh4807nv1ep22atbjtk7-1,bgbaunqh4807nv1ep22atbjtk7,2013-10-25 22:54:20
grjcselhl5m0cjvq39c949qg37-1,grjcselhl5m0cjvq39c949qg37,2013-10-25 22:56:18
kcpm810a1rcidg0nce0asgb2p3-1,kcpm810a1rcidg0nce0asgb2p3,2013-10-25 23:11:38
11jgpo35jspta1584vekt4cco3-1,11jgpo35jspta1584vekt4cco3,2013-10-25 23:14:52
3q5u2b4ejdgafdelkt11rao133-1,3q5u2b4ejdgafdelkt11rao133,2013-10-25 23:22:53
obp7h6ihd00acvh2o37lhqru60-1,obp7h6ihd00acvh2o37lhqru60,2013-10-25 23:49:03
gsp2ffl218drho7pvmltihq441-1,gsp2ffl218drho7pvmltihq441,2013-10-25 23:50:06
bc9u806n7cif83c17dok5i26b2-1,bc9u806n7cif83c17dok5i26b2,2013-10-25 23:54:19
cnd297a2iphgq2uee1rebnc6e5-1,cnd297a2iphgq2uee1rebnc6e5,2013-10-26 00:06:58
1m4pv6ob3m1l9unhg2nam585e2-1,1m4pv6ob3m1l9unhg2nam585e2,2013-10-26 06:23:17
im8tk4pg72scsdoja8gbvd7c53-1,im8tk4pg72scsdoja8gbvd7c53,2013-10-26 06:29:44
7vc540hksf66s9qa0qpn41ag70-1,7vc540hksf66s9qa0qpn41ag70,2013-10-26 08:01:41
ni4g1obk2f3klt962m2jg694u0-1,ni4g1obk2f3klt962m2jg694u0,2013-10-26 08:08:54
6k01gkrev44lgkoqk51sgbhoe0-1,6k01gkrev44lgkoqk51sgbhoe0,2013-10-26 08:30:29
j58j6lriasc4ja4fvdecu0b3q0-1,j58j6lriasc4ja4fvdecu0b3q0,2013-10-26 08:46:19
769pk5s74mahm0dmlrq0kc5p03-1,769pk5s74mahm0dmlrq0kc5p03,2013-10-26 08:51:54
fjjmmdbvomcpigk99udu3hj1i0-1,fjjmmdbvomcpigk99udu3hj1i0,2013-10-26 08:58:50
3aq76of66ena2nnlnuu5e54ia4-1,3aq76of66ena2nnlnuu5e54ia4,2013-10-26 09:08:51
5eqkkmtdqodt8ou0sb1k1m8e21-1,5eqkkmtdqodt8ou0sb1k1m8e21,2013-10-26 09:24:13
2003vjqqp71qoe5lfau0b227v2-1,2003vjqqp71qoe5lfau0b227v2,2013-10-26 09:24:29
0nkn58h68u823c0lmkeabq9eb7-1,0nkn58h68u823c0lmkeabq9eb7,2013-10-26 09:28:11
met729hhruall183qs9cvq5m30-1,met729hhruall183qs9cvq5m30,2013-10-26 09:29:07
oun1dlgja0ggu1fc26ki59vgt7-1,oun1dlgja0ggu1fc26ki59vgt7,2013-10-26 09:32:31
ab6qmnbs38j86qacmcs388nmt0-1,ab6qmnbs38j86qacmcs388nmt0,2013-10-26 09:49:14
a70he2uidjrbs54s105b3d9q81-1,a70he2uidjrbs54s105b3d9q81,2013-10-26 09:51:46
jl45qdhp3gdp0lpgfsfhefaka4-1,jl45qdhp3gdp0lpgfsfhefaka4,2013-10-26 09:56:16
09ned7fkfiqdofft4dbr7rmb34-1,09ned7fkfiqdofft4dbr7rmb34,2013-10-26 10:13:31
vmkj11ucpcurd5quefn0t8ajt2-1,vmkj11ucpcurd5quefn0t8ajt2,2013-10-26 10:17:02
qab7bagd8rgp9csor3fppfa484-1,qab7bagd8rgp9csor3fppfa484,2013-10-26 10:43:40
9gjg4tjthfkjrinunho5tdqvm6-1,9gjg4tjthfkjrinunho5tdqvm6,2013-10-26 10:50:00
cbpoaur293pte2rdjevtdvqnh5-1,cbpoaur293pte2rdjevtdvqnh5,2013-10-26 10:59:46
ucs2tpn2mv947gj0ec694v33d3-1,ucs2tpn2mv947gj0ec694v33d3,2013-10-26 11:04:47
j7b4hqlq9mnkkh10feehch09f1-1,j7b4hqlq9mnkkh10feehch09f1,2013-10-26 11:18:23
q86mfk1ti4fi3m5399m479vfv7-1,q86mfk1ti4fi3m5399m479vfv7,2013-10-26 11:26:53
6r32atr082lfkiumjk961fidf6-1,6r32atr082lfkiumjk961fidf6,2013-10-26 11:33:10
nro3mvhm955k9hf8st663s65s2-1,nro3mvhm955k9hf8st663s65s2,2013-10-26 12:11:27
q13kqahdanc6m0v4in22l71is6-1,q13kqahdanc6m0v4in22l71is6,2013-10-26 12:18:03
9lvhhlb16fa5t5clail66lnj20-1,9lvhhlb16fa5t5clail66lnj20,2013-10-26 12:23:35
71d9ih5rintnvfeqc0q9e9egj0-1,71d9ih5rintnvfeqc0q9e9egj0,2013-10-26 12:23:50
dphn0i4kd7vvlqdmleb4s3s8o7-1,dphn0i4kd7vvlqdmleb4s3s8o7,2013-10-26 12:41:38
v136uk4e1anj4u3po78ke3a8g7-1,v136uk4e1anj4u3po78ke3a8g7,2013-10-26 12:46:42
bsl2v3sg3dv6rb5pkta4j04663-1,bsl2v3sg3dv6rb5pkta4j04663,2013-10-26 13:05:22
38qkq0vr9qcn78vgo53087lqu4-1,38qkq0vr9qcn78vgo53087lqu4,2013-10-26 13:12:30
fji8l2hm0j5cfanuat05ggjqs6-1,fji8l2hm0j5cfanuat05ggjqs6,2013-10-26 13:17:19
v74jhr8lts37b6uq3tpkom9t16-1,v74jhr8lts37b6uq3tpkom9t16,2013-10-26 13:17:51
o82piu7pdik2b2anelq6megjb1-1,o82piu7pdik2b2anelq6megjb1,2013-10-26 13:25:47
jcrg6f0fdgmq7oqh64f99a8mv2-1,jcrg6f0fdgmq7oqh64f99a8mv2,2013-10-26 13:33:13
7egjvui21m7kpr33an84mqmck3-1,7egjvui21m7kpr33an84mqmck3,2013-10-26 13:42:48
i7cg8kuh11j37gmi5p842mlq33-1,i7cg8kuh11j37gmi5p842mlq33,2013-10-26 16:13:46
3m11mtq5iu4g8u7h4jvndn8i36-1,3m11mtq5iu4g8u7h4jvndn8i36,2013-10-26 16:16:47
krl01aj8ft1i3sakn47hb50b21-1,krl01aj8ft1i3sakn47hb50b21,2013-10-26 16:52:19
rqjkdvd030g0mn6kukob6lk223-1,rqjkdvd030g0mn6kukob6lk223,2013-10-26 17:27:53
qr69gnv7sal2mbbipbo54cbb31-1,qr69gnv7sal2mbbipbo54cbb31,2013-10-26 20:29:23
